timestamp,wind_kt
2025-09-01T16:29:40.948361-04:00,8
2025-09-01T16:36:41.856054-04:00,6
2025-09-01T16:44:57.857699-04:00,6
2025-09-01T16:53:10.527516-04:00,8
2025-09-01T17:26:31.050130-04:00,7
2025-09-01T17:37:36.757752-04:00,7
2025-09-01T17:45:13.564496-04:00,7
2025-09-01T17:53:15.950295-04:00,5
2025-09-01T18:33:14.397692-04:00,7
2025-09-01T18:43:52.084858-04:00,7
2025-09-01T18:51:48.325726-04:00,8
2025-09-01T18:59:24.544882-04:00,8
2025-09-01T19:29:16.115579-04:00,7
2025-09-01T19:41:30.312959-04:00,2
2025-09-01T19:49:39.640980-04:00,2
2025-09-01T19:57:36.553452-04:00,3
2025-09-01T23:16:48.206647-04:00,11
2025-09-01T23:55:55.064941-04:00,11
2025-09-02T00:41:43.784165-04:00,5
2025-09-02T01:38:02.065027-04:00,2
2025-09-02T01:47:56.765022-04:00,2
2025-09-02T01:56:02.344659-04:00,4
2025-09-02T02:52:55.742311-04:00,2
2025-09-02T03:00:43.034573-04:00,2
2025-09-02T03:32:09.517588-04:00,2
2025-09-02T03:44:25.809030-04:00,1
2025-09-02T03:52:16.346274-04:00,2
2025-09-02T04:00:05.103580-04:00,2
2025-09-02T04:49:09.905554-04:00,4
2025-09-02T04:58:01.418085-04:00,3
2025-09-02T05:36:11.138169-04:00,3
2025-09-02T05:47:06.833032-04:00,3
2025-09-02T05:54:46.716053-04:00,2
2025-09-02T06:40:13.059693-04:00,4
2025-09-02T06:50:50.124942-04:00,4
2025-09-02T06:58:39.789156-04:00,4
2025-09-02T07:27:22.552492-04:00,3
2025-09-02T07:41:05.408365-04:00,2
2025-09-02T07:49:13.342814-04:00,2
2025-09-02T07:56:48.330924-04:00,3
2025-09-02T09:37:07.480472-04:00,3
2025-09-02T09:52:42.806330-04:00,3
2025-09-02T10:00:11.105469-04:00,3
2025-09-02T10:42:27.870081-04:00,4
2025-09-02T10:53:21.231388-04:00,3
2025-09-02T11:38:04.571326-04:00,2
2025-09-02T11:48:40.064184-04:00,2
2025-09-02T11:56:24.637709-04:00,4
2025-09-02T12:47:06.568097-04:00,6
2025-09-02T12:54:51.351568-04:00,4
2025-09-02T13:30:13.425879-04:00,1
2025-09-02T13:42:34.945691-04:00,2
2025-09-02T13:50:14.356395-04:00,2
2025-09-02T13:58:25.537547-04:00,2
2025-09-02T14:45:42.289361-04:00,9
2025-09-02T14:53:48.200426-04:00,10
2025-09-02T15:21:48.537050-04:00,6
2025-09-02T15:29:42.712247-04:00,6
2025-09-02T15:39:55.270780-04:00,7
2025-09-02T15:47:52.646119-04:00,7
2025-09-02T15:55:37.542492-04:00,3
2025-09-02T16:29:01.369229-04:00,6
2025-09-02T16:42:07.796694-04:00,7
2025-09-02T16:49:53.056438-04:00,7
2025-09-02T16:58:02.221242-04:00,8
2025-09-02T17:26:43.151360-04:00,5
2025-09-02T17:37:41.072224-04:00,4
2025-09-02T17:45:18.104076-04:00,4
2025-09-02T17:53:11.487846-04:00,3
2025-09-02T18:30:29.707291-04:00,4
2025-09-02T18:42:04.330736-04:00,3
2025-09-02T18:50:09.021399-04:00,3
2025-09-02T18:57:38.383297-04:00,5
2025-09-02T19:26:06.466446-04:00,5
2025-09-02T19:38:16.854107-04:00,6
2025-09-02T19:45:57.065692-04:00,6
2025-09-02T19:53:32.355029-04:00,2
2025-09-02T23:01:11.814181-04:00,2
2025-09-02T23:43:43.059134-04:00,12
2025-09-02T23:51:57.370691-04:00,1
2025-09-02T23:59:31.401938-04:00,1
2025-09-03T00:39:20.644072-04:00,5
2025-09-03T00:49:32.790368-04:00,5
2025-09-03T00:57:06.193371-04:00,3
2025-09-03T01:32:34.381453-04:00,4
2025-09-03T01:43:10.442638-04:00,4
2025-09-03T01:51:01.930631-04:00,4
2025-09-03T01:58:47.859850-04:00,4
2025-09-03T02:47:28.425621-04:00,4
2025-09-03T02:55:11.619963-04:00,5
2025-09-03T03:28:32.285958-04:00,5
2025-09-03T03:41:27.167287-04:00,4
2025-09-03T03:49:24.985857-04:00,4
2025-09-03T03:56:55.941382-04:00,3
2025-09-03T04:43:10.123065-04:00,3
2025-09-03T04:55:35.453487-04:00,4
2025-09-03T05:31:56.915059-04:00,4
2025-09-03T05:44:05.462886-04:00,2
2025-09-03T05:52:16.062540-04:00,4
2025-09-03T06:00:21.185844-04:00,4
2025-09-03T06:38:29.407999-04:00,3
2025-09-03T06:46:12.534020-04:00,3
2025-09-03T06:54:31.274279-04:00,3
2025-09-03T07:24:47.235056-04:00,7
2025-09-03T07:38:40.634775-04:00,7
2025-09-03T07:46:29.007178-04:00,7
2025-09-03T07:54:29.699596-04:00,7
2025-09-03T09:18:08.241726-04:00,2
2025-09-03T09:44:47.680548-04:00,2
2025-09-03T09:52:32.269943-04:00,1
2025-09-03T10:00:19.093795-04:00,1
2025-09-03T10:39:20.274275-04:00,1
2025-09-03T10:49:19.383733-04:00,1
2025-09-03T10:57:19.134692-04:00,1
2025-09-03T11:34:34.357227-04:00,6
2025-09-03T11:45:40.524595-04:00,3
2025-09-03T11:54:10.815143-04:00,2
2025-09-03T12:42:35.139937-04:00,2
2025-09-03T12:53:44.808656-04:00,4
2025-09-03T13:30:40.020642-04:00,5
2025-09-03T13:41:51.027277-04:00,5
2025-09-03T13:49:51.359666-04:00,5
2025-09-03T13:57:35.568843-04:00,4
2025-09-03T14:42:29.732705-04:00,2
2025-09-03T14:51:17.994424-04:00,5
2025-09-03T14:58:45.449893-04:00,5
2025-09-03T15:24:51.424124-04:00,8
2025-09-03T15:37:23.437948-04:00,3
2025-09-03T15:45:24.184452-04:00,3
2025-09-03T15:52:57.653065-04:00,9
2025-09-03T16:32:28.526670-04:00,4
2025-09-03T16:43:53.704996-04:00,6
2025-09-03T16:52:10.049614-04:00,6
2025-09-03T16:59:53.752363-04:00,6
2025-09-03T17:28:10.359080-04:00,7
2025-09-03T17:38:29.629139-04:00,4
2025-09-03T17:46:18.091245-04:00,4
2025-09-03T17:54:00.090000-04:00,6
2025-09-03T18:31:57.074014-04:00,6
2025-09-03T18:42:12.113393-04:00,4
2025-09-03T18:50:11.944512-04:00,4
2025-09-03T18:57:44.471423-04:00,2
2025-09-03T19:26:52.581601-04:00,2
2025-09-03T19:37:53.917511-04:00,2
2025-09-03T19:45:25.409007-04:00,2
2025-09-03T19:53:30.319751-04:00,9
2025-09-03T23:01:45.086611-04:00,1
2025-09-03T23:45:59.900622-04:00,9
2025-09-03T23:53:51.065094-04:00,3
2025-09-04T00:38:01.804210-04:00,4
2025-09-04T00:47:18.883778-04:00,4
2025-09-04T00:55:15.919831-04:00,4
2025-09-04T01:32:39.388964-04:00,4
2025-09-04T01:43:16.842753-04:00,4
2025-09-04T01:51:20.943872-04:00,4
2025-09-04T01:59:28.499075-04:00,4
2025-09-04T02:49:25.011631-04:00,1
2025-09-04T02:57:03.678184-04:00,4
2025-09-04T03:28:39.873003-04:00,2
2025-09-04T03:41:00.473160-04:00,3
2025-09-04T03:49:08.651355-04:00,3
2025-09-04T03:56:47.132487-04:00,2
2025-09-04T04:43:15.697586-04:00,4
2025-09-04T04:55:32.379207-04:00,4
2025-09-04T05:31:59.758313-04:00,4
2025-09-04T05:43:41.022206-04:00,2
2025-09-04T05:51:48.312130-04:00,1
2025-09-04T05:59:46.523834-04:00,1
2025-09-04T06:38:09.539849-04:00,4
2025-09-04T06:46:23.164336-04:00,4
2025-09-04T06:53:57.219992-04:00,1
2025-09-04T07:25:49.584030-04:00,4
2025-09-04T07:37:34.780283-04:00,4
2025-09-04T07:45:29.084061-04:00,4
2025-09-04T07:53:37.898839-04:00,4
2025-09-04T09:16:02.426692-04:00,1
2025-09-04T09:43:45.646308-04:00,2
2025-09-04T09:52:10.858355-04:00,3
2025-09-04T09:59:53.021990-04:00,3
2025-09-04T10:39:31.316404-04:00,2
2025-09-04T10:48:54.313907-04:00,2
2025-09-04T10:56:50.535422-04:00,1
2025-09-04T11:34:28.348391-04:00,5
2025-09-04T11:46:47.874065-04:00,2
2025-09-04T11:55:07.662569-04:00,2
2025-09-04T12:43:45.975583-04:00,2
2025-09-04T12:55:40.295675-04:00,2
2025-09-04T13:30:14.002448-04:00,2
2025-09-04T13:42:14.593806-04:00,7
2025-09-04T13:50:27.918817-04:00,6
2025-09-04T13:58:28.056083-04:00,6
2025-09-04T14:47:33.374250-04:00,5
2025-09-04T14:55:25.443543-04:00,5
2025-09-04T15:22:10.950121-04:00,8
2025-09-04T15:30:12.231063-04:00,8
2025-09-04T15:40:15.071960-04:00,7
2025-09-04T15:48:21.383655-04:00,7
2025-09-04T15:55:47.514529-04:00,7
2025-09-04T16:32:39.258488-04:00,6
2025-09-04T16:43:24.037575-04:00,8
2025-09-04T16:51:39.671181-04:00,12
2025-09-04T16:59:28.676981-04:00,12
2025-09-04T17:27:57.576517-04:00,7
2025-09-04T17:39:37.818842-04:00,5
2025-09-04T17:47:24.363328-04:00,5
2025-09-04T17:55:18.529790-04:00,7
2025-09-04T18:32:11.998723-04:00,3
2025-09-04T18:42:43.354795-04:00,2
2025-09-04T18:50:31.665934-04:00,3
2025-09-04T18:58:09.101014-04:00,3
2025-09-04T19:27:22.813451-04:00,3
2025-09-04T19:47:37.074088-04:00,4
2025-09-04T19:55:49.510403-04:00,5
2025-09-04T23:06:40.423149-04:00,4
2025-09-04T23:48:25.785239-04:00,12
2025-09-04T23:56:00.184775-04:00,12
2025-09-05T00:38:58.099654-04:00,6
2025-09-05T00:49:17.030063-04:00,6
2025-09-05T00:57:07.928107-04:00,6
2025-09-05T01:33:06.407820-04:00,6
2025-09-05T01:43:56.225564-04:00,6
2025-09-05T01:52:08.922541-04:00,6
2025-09-05T01:59:47.058896-04:00,6
2025-09-05T02:49:39.999415-04:00,6
2025-09-05T02:57:26.457599-04:00,6
2025-09-05T03:29:17.820409-04:00,6
2025-09-05T03:40:32.212813-04:00,3
2025-09-05T03:48:22.043103-04:00,3
2025-09-05T03:56:09.791776-04:00,2
2025-09-05T04:43:09.787942-04:00,6
2025-09-05T04:55:25.525473-04:00,1
2025-09-05T05:32:19.604212-04:00,6
2025-09-05T05:43:52.032854-04:00,6
2025-09-05T05:51:36.329038-04:00,1
2025-09-05T05:59:30.027260-04:00,1
2025-09-05T06:39:33.707682-04:00,2
2025-09-05T06:48:00.644077-04:00,2
2025-09-05T06:55:49.133486-04:00,1
2025-09-05T07:24:42.189190-04:00,6
2025-09-05T07:38:42.398458-04:00,6
2025-09-05T07:46:39.967175-04:00,6
2025-09-05T07:54:45.006570-04:00,6
2025-09-05T09:16:52.010435-04:00,6
2025-09-05T09:43:59.698298-04:00,6
2025-09-05T09:51:47.558684-04:00,1
2025-09-05T09:59:35.694791-04:00,1
2025-09-05T10:37:02.072462-04:00,2
2025-09-05T10:47:09.273618-04:00,2
2025-09-05T10:54:52.222275-04:00,1
2025-09-05T11:32:18.854241-04:00,1
2025-09-05T11:40:49.085128-04:00,2
2025-09-05T11:49:09.163440-04:00,2
2025-09-05T11:57:15.380302-04:00,2
2025-09-05T12:39:43.495791-04:00,2
2025-09-05T12:50:51.792360-04:00,7
2025-09-05T12:59:00.572234-04:00,7
2025-09-05T13:31:41.776717-04:00,1
2025-09-05T13:42:37.544107-04:00,7
2025-09-05T13:50:39.973920-04:00,7
2025-09-05T13:58:29.577378-04:00,7
2025-09-05T14:44:44.622968-04:00,7
2025-09-05T14:52:27.480871-04:00,12
2025-09-05T15:00:21.401735-04:00,12
2025-09-05T15:24:47.119229-04:00,9
2025-09-05T15:37:12.414421-04:00,7
2025-09-05T15:44:46.692514-04:00,7
2025-09-05T15:52:40.188572-04:00,8
2025-09-05T16:00:27.349169-04:00,8
2025-09-05T16:34:59.524987-04:00,7
2025-09-05T16:45:12.960120-04:00,5
2025-09-05T16:53:18.571159-04:00,9
2025-09-05T17:26:17.597778-04:00,6
2025-09-05T17:39:13.752771-04:00,6
2025-09-05T17:46:54.046824-04:00,6
2025-09-05T17:54:29.705152-04:00,7
2025-09-05T18:32:34.585722-04:00,6
2025-09-05T18:41:41.683674-04:00,4
2025-09-05T18:49:46.460712-04:00,4
2025-09-05T18:57:36.824861-04:00,3
2025-09-05T19:27:07.842826-04:00,5
2025-09-05T19:40:53.638250-04:00,4
2025-09-05T19:48:53.503957-04:00,4
2025-09-05T19:56:45.268956-04:00,3
2025-09-05T23:02:07.677073-04:00,1
2025-09-05T23:42:16.916750-04:00,2
2025-09-05T23:50:19.249961-04:00,1
2025-09-05T23:58:01.248270-04:00,1
2025-09-06T00:37:20.069764-04:00,6
2025-09-06T00:45:20.141986-04:00,6
2025-09-06T00:52:58.371299-04:00,6
2025-09-06T01:30:13.900671-04:00,6
2025-09-06T01:41:37.269499-04:00,6
2025-09-06T01:49:44.755506-04:00,6
2025-09-06T01:57:20.443970-04:00,4
2025-09-06T02:42:15.934815-04:00,3
2025-09-06T02:50:39.763966-04:00,3
2025-09-06T02:58:19.638588-04:00,3
2025-09-06T03:25:14.259552-04:00,8
2025-09-06T03:37:44.665246-04:00,7
2025-09-06T03:45:18.982626-04:00,7
2025-09-06T03:53:18.314999-04:00,6
2025-09-06T04:33:33.834991-04:00,7
2025-09-06T04:45:40.729324-04:00,6
2025-09-06T04:53:42.677629-04:00,4
2025-09-06T05:26:25.263427-04:00,3
2025-09-06T05:37:01.352306-04:00,4
2025-09-06T05:44:46.472884-04:00,4
2025-09-06T05:52:19.709633-04:00,4
2025-09-06T05:59:48.071375-04:00,4
2025-09-06T06:32:42.475977-04:00,4
2025-09-06T06:41:20.313277-04:00,1
2025-09-06T06:49:07.888405-04:00,1
2025-09-06T06:57:02.941061-04:00,3
2025-09-06T07:21:37.904172-04:00,2
2025-09-06T07:29:06.664150-04:00,2
2025-09-06T07:39:35.120187-04:00,4
2025-09-06T07:47:27.745782-04:00,4
2025-09-06T07:55:15.954962-04:00,1
2025-09-06T09:00:21.913897-04:00,1
2025-09-06T09:30:21.508756-04:00,8
2025-09-06T09:38:31.926324-04:00,8
2025-09-06T09:46:37.100259-04:00,8
2025-09-06T09:54:17.060420-04:00,1
2025-09-06T10:28:18.667140-04:00,1
2025-09-06T10:39:24.316011-04:00,1
2025-09-06T10:47:32.372146-04:00,1
2025-09-06T10:55:25.619169-04:00,1
2025-09-06T11:26:23.674950-04:00,1
2025-09-06T11:37:27.153206-04:00,4
2025-09-06T11:44:45.785984-04:00,4
2025-09-06T11:52:24.579986-04:00,2
2025-09-06T12:00:08.847942-04:00,2
2025-09-06T12:37:53.773164-04:00,2
2025-09-06T12:46:00.551016-04:00,2
2025-09-06T12:53:38.948206-04:00,4
2025-09-06T13:25:15.059476-04:00,3
2025-09-06T13:35:34.019890-04:00,4
2025-09-06T13:43:40.318974-04:00,4
2025-09-06T13:51:48.400122-04:00,4
2025-09-06T13:59:21.928274-04:00,4
2025-09-06T14:48:37.096678-04:00,3
2025-09-06T14:56:29.267740-04:00,7
2025-09-06T15:19:41.266141-04:00,5
2025-09-06T15:27:21.619758-04:00,2
2025-09-06T15:37:30.602606-04:00,4
2025-09-06T15:45:16.792776-04:00,4
2025-09-06T15:52:56.142843-04:00,4
2025-09-06T16:28:48.719999-04:00,4
2025-09-06T16:40:18.829701-04:00,5
2025-09-06T16:48:22.974911-04:00,5
2025-09-06T16:55:50.127282-04:00,6
2025-09-06T17:24:09.348293-04:00,3
2025-09-06T17:35:46.399037-04:00,4
2025-09-06T17:43:26.644486-04:00,4
2025-09-06T17:51:05.778051-04:00,3
2025-09-06T17:59:03.610184-04:00,3
2025-09-06T18:30:56.331062-04:00,1
2025-09-06T18:41:09.357793-04:00,1
2025-09-06T18:49:14.561139-04:00,1
2025-09-06T18:56:52.372423-04:00,8
2025-09-06T19:25:32.935222-04:00,1
2025-09-06T19:37:44.367801-04:00,1
2025-09-06T19:45:40.656392-04:00,1
2025-09-06T19:53:43.857623-04:00,2
2025-09-06T23:11:04.500689-04:00,2
2025-09-06T23:49:18.067913-04:00,8
2025-09-06T23:57:00.265968-04:00,4
2025-09-07T01:36:48.295089-03:00,3
2025-09-07T01:45:58.344289-03:00,3
2025-09-07T01:53:54.500127-03:00,3
2025-09-07T02:30:17.681254-03:00,3
2025-09-07T02:41:52.075872-03:00,5
2025-09-07T02:49:51.270238-03:00,5
2025-09-07T02:58:00.916131-03:00,2
2025-09-07T03:43:12.671775-03:00,4
2025-09-07T03:51:13.071903-03:00,3
2025-09-07T03:59:14.089502-03:00,3
2025-09-07T04:26:13.612152-03:00,2
2025-09-07T04:36:38.006331-03:00,3
2025-09-07T04:44:11.943950-03:00,3
2025-09-07T04:52:01.622558-03:00,3
2025-09-07T04:59:57.584035-03:00,3
2025-09-07T05:36:10.017087-03:00,6
2025-09-07T05:45:27.488964-03:00,6
2025-09-07T05:53:34.325588-03:00,3
2025-09-07T06:26:37.557017-03:00,3
2025-09-07T06:37:31.552906-03:00,3
2025-09-07T06:45:16.735718-03:00,3
2025-09-07T06:52:57.038465-03:00,4
2025-09-07T07:32:13.256489-03:00,4
2025-09-07T07:41:40.240167-03:00,4
2025-09-07T07:49:12.950478-03:00,4
2025-09-07T07:57:10.161127-03:00,4
2025-09-07T08:22:00.496005-03:00,5
2025-09-07T08:29:40.520490-03:00,5
2025-09-07T08:39:53.881784-03:00,4
2025-09-07T08:48:10.719642-03:00,4
2025-09-07T08:56:07.879290-03:00,3
2025-09-07T10:01:42.166922-03:00,2
2025-09-07T10:31:24.661182-03:00,5
2025-09-07T10:39:46.724275-03:00,7
2025-09-07T10:47:38.711934-03:00,7
2025-09-07T10:55:26.241346-03:00,3
2025-09-07T11:29:00.908970-03:00,5
2025-09-07T11:40:26.611603-03:00,4
2025-09-07T11:48:40.136886-03:00,4
2025-09-07T11:56:18.688192-03:00,6
2025-09-07T12:27:15.862986-03:00,4
2025-09-07T12:37:43.310810-03:00,4
2025-09-07T12:45:40.190234-03:00,4
2025-09-07T12:53:24.648947-03:00,7
2025-09-07T13:34:57.358451-03:00,7
2025-09-07T13:45:20.105608-03:00,5
2025-09-07T13:53:20.105329-03:00,6
2025-09-07T14:26:15.298057-03:00,6
2025-09-07T14:36:47.824801-03:00,5
2025-09-07T14:44:36.029529-03:00,5
2025-09-07T14:52:24.748351-03:00,4
2025-09-07T15:00:10.918016-03:00,4
2025-09-07T15:40:55.099071-03:00,7
2025-09-07T15:48:55.720267-03:00,7
2025-09-07T15:56:37.265206-03:00,8
2025-09-07T16:20:09.382147-03:00,8
2025-09-07T16:27:35.282523-03:00,5
2025-09-07T16:38:36.150467-03:00,6
2025-09-07T16:46:24.939019-03:00,6
2025-09-07T16:54:04.320333-03:00,5
2025-09-07T17:29:32.094648-03:00,5
2025-09-07T17:40:59.837754-03:00,5
2025-09-07T17:49:15.105341-03:00,5
2025-09-07T17:56:52.862615-03:00,6
2025-09-07T18:25:10.198485-03:00,3
2025-09-07T18:36:11.065027-03:00,3
2025-09-07T18:43:51.038379-03:00,3
2025-09-07T18:51:32.263263-03:00,2
2025-09-07T18:59:31.094305-03:00,2
2025-09-07T19:31:46.336694-03:00,3
2025-09-07T19:41:58.620288-03:00,3
2025-09-07T19:49:35.650212-03:00,3
2025-09-07T19:57:33.677975-03:00,3
2025-09-07T20:26:01.594771-03:00,2
2025-09-07T20:38:28.559419-03:00,3
2025-09-07T20:46:20.213094-03:00,3
2025-09-07T20:54:13.197098-03:00,2
2025-09-08T00:15:50.081697-03:00,4
2025-09-08T00:55:17.713559-03:00,2
2025-09-08T01:39:52.673765-03:00,3
2025-09-08T01:51:14.490538-03:00,1
2025-09-08T01:59:01.729822-03:00,1
2025-09-08T02:35:50.530614-03:00,2
2025-09-08T02:44:44.330848-03:00,2
2025-09-08T02:52:50.384367-03:00,1
2025-09-08T03:51:40.671395-03:00,4
2025-09-08T03:59:07.426052-03:00,4
2025-09-08T04:31:15.970474-03:00,4
2025-09-08T04:42:33.178554-03:00,4
2025-09-08T04:50:43.430778-03:00,1
2025-09-08T04:58:09.108630-03:00,1
2025-09-08T05:49:58.310037-03:00,4
2025-09-08T05:58:47.876470-03:00,4
2025-09-08T06:38:45.838889-03:00,4
2025-09-08T06:49:42.188108-03:00,4
2025-09-08T06:57:15.745193-03:00,4
2025-09-08T07:40:49.695543-03:00,4
2025-09-08T07:51:13.014696-03:00,4
2025-09-08T07:59:11.017175-03:00,4
2025-09-08T08:26:58.514866-03:00,4
2025-09-08T08:41:02.504203-03:00,4
2025-09-08T08:49:24.066685-03:00,4
2025-09-08T08:57:10.261951-03:00,4
2025-09-08T10:37:14.477145-03:00,1
2025-09-08T10:51:40.572965-03:00,2
2025-09-08T10:59:25.498286-03:00,2
2025-09-08T11:42:07.055947-03:00,2
2025-09-08T11:52:50.829244-03:00,2
2025-09-08T12:00:28.042344-03:00,2
2025-09-08T12:37:42.392973-03:00,2
2025-09-08T12:46:58.520450-03:00,2
2025-09-08T12:55:17.129180-03:00,3
2025-09-08T13:43:28.927842-03:00,4
2025-09-08T13:55:54.020123-03:00,4
2025-09-08T14:32:14.320219-03:00,4
2025-09-08T14:43:59.880873-03:00,1
2025-09-08T14:52:08.820038-03:00,2
2025-09-08T14:59:38.807908-03:00,2
2025-09-08T15:48:06.484360-03:00,2
2025-09-08T15:56:23.592584-03:00,4
2025-09-08T16:24:14.103938-03:00,2
2025-09-08T16:37:24.146168-03:00,7
2025-09-08T16:45:07.719211-03:00,7
2025-09-08T16:52:54.426534-03:00,3
2025-09-08T17:33:05.348034-03:00,4
2025-09-08T17:45:57.760050-03:00,6
2025-09-08T17:53:38.196228-03:00,6
2025-09-08T18:27:53.175908-03:00,7
2025-09-08T18:41:03.191380-03:00,4
2025-09-08T18:49:02.195273-03:00,4
2025-09-08T18:56:49.447296-03:00,8
2025-09-08T19:32:57.278342-03:00,6
2025-09-08T19:43:34.123591-03:00,9
2025-09-08T19:51:24.868317-03:00,5
2025-09-08T19:59:01.428444-03:00,5
2025-09-08T20:29:28.885856-03:00,5
2025-09-08T20:41:12.079234-03:00,4
2025-09-08T20:49:24.745766-03:00,4
2025-09-08T20:57:06.869177-03:00,2
2025-09-09T00:10:34.659756-03:00,1
2025-09-09T00:50:51.302471-03:00,6
2025-09-09T00:58:55.337323-03:00,6
2025-09-09T01:40:26.246923-03:00,6
2025-09-09T01:50:52.815428-03:00,6
2025-09-09T01:58:40.312905-03:00,6
2025-09-09T02:33:42.485627-03:00,6
2025-09-09T02:43:49.224941-03:00,6
2025-09-09T02:51:38.495174-03:00,6
2025-09-09T02:59:21.540494-03:00,6
2025-09-09T03:51:40.436739-03:00,6
2025-09-09T03:59:01.671864-03:00,6
2025-09-09T04:31:19.822925-03:00,6
2025-09-09T04:42:39.106943-03:00,6
2025-09-09T04:50:21.181782-03:00,6
2025-09-09T04:57:51.959914-03:00,6
2025-09-09T05:48:06.537928-03:00,6
2025-09-09T05:57:28.433072-03:00,6
2025-09-09T06:36:48.482816-03:00,6
2025-09-09T06:46:41.566377-03:00,6
2025-09-09T06:54:19.038439-03:00,6
2025-09-09T07:39:43.391507-03:00,6
2025-09-09T07:50:46.688550-03:00,6
2025-09-09T07:58:25.951895-03:00,6
2025-09-09T08:27:32.961340-03:00,6
2025-09-09T08:41:29.058397-03:00,6
2025-09-09T08:49:35.812949-03:00,6
2025-09-09T08:57:20.525084-03:00,6
2025-09-09T10:40:14.483553-03:00,4
2025-09-09T10:55:13.187582-03:00,3
2025-09-09T11:38:31.769939-03:00,2
2025-09-09T11:50:40.430508-03:00,3
2025-09-09T11:58:46.938663-03:00,3
2025-09-09T12:38:49.468694-03:00,3
2025-09-09T12:50:44.366905-03:00,3
2025-09-09T12:58:12.462298-03:00,3
2025-09-09T13:47:42.412995-03:00,3
2025-09-09T13:56:47.680103-03:00,2
2025-09-09T14:30:41.932334-03:00,5
2025-09-09T14:41:07.615401-03:00,4
2025-09-09T14:49:38.732510-03:00,4
2025-09-09T14:57:00.655409-03:00,5
2025-09-09T15:43:17.682203-03:00,7
2025-09-09T15:51:13.535801-03:00,7
2025-09-09T15:58:54.818327-03:00,7
2025-09-09T16:24:00.555344-03:00,3
2025-09-09T16:36:33.606276-03:00,6
2025-09-09T16:43:58.939951-03:00,6
2025-09-09T16:52:10.502467-03:00,6
2025-09-09T17:00:05.706922-03:00,6
2025-09-09T17:33:21.352852-03:00,10
2025-09-09T17:44:01.649278-03:00,10
2025-09-09T17:52:26.499572-03:00,11
2025-09-09T18:00:29.114022-03:00,11
2025-09-09T18:27:55.319467-03:00,13
2025-09-09T18:38:50.026396-03:00,10
2025-09-09T18:46:50.754283-03:00,10
2025-09-09T18:54:40.897961-03:00,8
2025-09-09T19:31:27.419065-03:00,6
2025-09-09T19:42:01.499186-03:00,6
2025-09-09T19:49:47.008161-03:00,6
2025-09-09T19:57:31.117323-03:00,5
2025-09-09T20:25:40.288971-03:00,4
2025-09-09T20:38:35.237928-03:00,5
2025-09-09T20:46:34.638458-03:00,5
2025-09-09T20:54:20.309356-03:00,1
2025-09-10T00:02:13.009632-03:00,3
2025-09-10T00:44:39.317652-03:00,5
2025-09-10T00:52:44.821981-03:00,6
2025-09-10T01:00:15.599862-03:00,6
2025-09-10T01:37:48.001344-03:00,4
2025-09-10T01:45:50.235160-03:00,4
2025-09-10T01:53:49.054306-03:00,5
2025-09-10T02:32:33.421333-03:00,3
2025-09-10T02:43:27.667843-03:00,8
2025-09-10T02:51:19.294118-03:00,8
2025-09-10T02:59:00.483609-03:00,8
2025-09-10T03:49:26.146189-03:00,1
2025-09-10T03:56:52.482284-03:00,8
2025-09-10T04:29:21.196814-03:00,1
2025-09-10T04:41:54.968746-03:00,3
2025-09-10T04:49:46.861266-03:00,3
2025-09-10T04:57:25.734055-03:00,3
2025-09-10T05:45:15.825125-03:00,3
2025-09-10T05:55:59.210119-03:00,1
2025-09-10T06:32:58.509911-03:00,3
2025-09-10T06:44:22.903590-03:00,1
2025-09-10T06:52:19.275749-03:00,1
2025-09-10T06:59:54.379546-03:00,1
2025-09-10T07:38:37.834274-03:00,8
2025-09-10T07:46:24.835862-03:00,8
2025-09-10T07:53:59.573836-03:00,8
2025-09-10T08:26:24.591509-03:00,8
2025-09-10T08:36:59.286466-03:00,8
2025-09-10T08:44:50.589831-03:00,8
2025-09-10T08:52:59.818419-03:00,2
2025-09-10T10:50:49.536917-03:00,2
2025-09-10T10:51:34.267453-03:00,2
2025-09-10T10:59:13.965690-03:00,2
2025-09-10T11:37:44.092044-03:00,4
2025-09-10T11:46:59.371859-03:00,4
2025-09-10T11:55:16.118254-03:00,4
2025-09-10T12:32:57.759615-03:00,2
2025-09-10T12:44:42.702981-03:00,2
2025-09-10T12:52:50.028970-03:00,3
2025-09-10T13:00:36.256495-03:00,3
2025-09-10T13:45:13.327694-03:00,3
2025-09-10T13:53:42.805058-03:00,2
2025-09-10T14:28:57.397438-03:00,5
2025-09-10T14:41:12.577864-03:00,4
2025-09-10T14:49:43.229216-03:00,4
2025-09-10T14:57:31.525367-03:00,6
2025-09-10T15:48:03.157867-03:00,6
2025-09-10T15:55:34.984478-03:00,5
2025-09-10T16:23:09.868756-03:00,7
2025-09-10T16:31:16.240364-03:00,7
2025-09-10T16:40:23.782726-03:00,8
2025-09-10T16:48:37.425215-03:00,8
2025-09-10T16:56:15.337148-03:00,8
2025-09-10T17:32:42.911864-03:00,8
2025-09-10T17:45:12.377038-03:00,5
2025-09-10T17:53:28.504459-03:00,5
2025-09-10T18:26:15.489513-03:00,7
2025-09-10T18:37:08.673060-03:00,5
2025-09-10T18:44:43.379155-03:00,5
2025-09-10T18:52:47.672617-03:00,5
2025-09-10T19:00:45.119788-03:00,5
2025-09-10T19:33:03.833692-03:00,5
2025-09-10T19:42:34.774848-03:00,3
2025-09-10T19:50:34.318950-03:00,1
2025-09-10T19:58:29.184205-03:00,1
2025-09-10T20:27:21.634873-03:00,3
2025-09-10T20:39:00.833739-03:00,12
2025-09-10T20:47:09.348276-03:00,12
2025-09-10T20:55:11.777809-03:00,12
2025-09-11T00:08:15.769401-03:00,4
2025-09-11T00:50:14.643499-03:00,4
2025-09-11T00:58:21.496810-03:00,4
2025-09-11T01:39:28.698764-03:00,4
2025-09-11T01:49:50.033445-03:00,4
2025-09-11T01:57:30.840571-03:00,4
2025-09-11T02:33:03.354726-03:00,4
2025-09-11T02:43:59.043160-03:00,4
2025-09-11T02:52:15.304710-03:00,4
2025-09-11T02:59:47.793013-03:00,4
2025-09-11T03:49:51.101764-03:00,1
2025-09-11T03:57:27.131855-03:00,1
2025-09-11T04:29:37.293921-03:00,4
2025-09-11T04:40:49.096021-03:00,4
2025-09-11T04:48:35.618671-03:00,4
2025-09-11T04:56:48.092080-03:00,4
2025-09-11T05:43:07.884668-03:00,4
2025-09-11T05:54:49.684113-03:00,4
2025-09-11T06:31:36.321079-03:00,4
2025-09-11T06:42:50.057942-03:00,4
2025-09-11T06:50:22.586448-03:00,4
2025-09-11T06:57:59.754141-03:00,4
2025-09-11T07:37:57.437223-03:00,4
2025-09-11T07:46:23.642571-03:00,4
2025-09-11T07:54:39.612241-03:00,4
2025-09-11T08:24:07.064390-03:00,4
2025-09-11T08:38:11.037240-03:00,4
2025-09-11T08:46:07.007402-03:00,4
2025-09-11T08:53:39.425131-03:00,4
2025-09-11T10:14:56.319519-03:00,4
2025-09-11T10:40:15.389286-03:00,1
2025-09-11T10:48:21.835660-03:00,1
2025-09-11T10:56:30.918522-03:00,1
2025-09-11T11:36:52.499834-03:00,2
2025-09-11T11:47:00.370015-03:00,2
2025-09-11T11:54:55.937736-03:00,1
2025-09-11T12:29:14.646562-03:00,1
2025-09-11T12:41:46.078419-03:00,1
2025-09-11T12:49:52.776620-03:00,1
2025-09-11T12:57:31.016520-03:00,1
2025-09-11T13:38:43.724531-03:00,1
2025-09-11T13:49:53.580276-03:00,1
2025-09-11T13:58:02.253199-03:00,3
2025-09-11T14:29:52.338630-03:00,8
2025-09-11T14:38:16.425809-03:00,7
2025-09-11T14:45:59.355814-03:00,7
2025-09-11T14:53:54.055239-03:00,6
2025-09-11T15:40:37.062307-03:00,13
2025-09-11T15:49:53.143916-03:00,13
2025-09-11T15:58:04.264612-03:00,10
2025-09-11T16:22:14.060587-03:00,7
2025-09-11T16:29:42.561320-03:00,7
2025-09-11T16:40:06.678623-03:00,6
2025-09-11T16:48:55.917365-03:00,6
2025-09-11T16:56:34.531809-03:00,11
2025-09-11T17:29:31.842444-03:00,12
2025-09-11T17:39:26.268979-03:00,9
2025-09-11T17:47:01.716585-03:00,9
2025-09-11T17:54:43.658273-03:00,5
2025-09-11T18:25:18.919410-03:00,8
2025-09-11T18:36:58.233830-03:00,10
2025-09-11T18:44:41.496718-03:00,10
2025-09-11T18:52:46.931498-03:00,4
2025-09-11T19:00:24.271674-03:00,4
2025-09-11T19:32:22.277136-03:00,5
2025-09-11T19:41:41.178663-03:00,3
2025-09-11T19:49:53.660847-03:00,3
2025-09-11T19:57:34.109566-03:00,3
2025-09-11T20:27:12.618941-03:00,3
2025-09-11T20:38:14.764082-03:00,14
2025-09-11T20:45:41.891588-03:00,14
2025-09-11T20:53:35.617709-03:00,14
2025-09-12T00:01:00.614525-03:00,6
2025-09-12T00:42:26.769774-03:00,6
2025-09-12T00:50:29.236958-03:00,6
2025-09-12T00:58:07.914565-03:00,6
2025-09-12T01:37:35.522330-03:00,6
2025-09-12T01:45:18.340747-03:00,6
2025-09-12T01:53:25.055637-03:00,1
2025-09-12T02:32:22.280556-03:00,6
2025-09-12T02:42:43.582094-03:00,6
2025-09-12T02:50:26.556808-03:00,6
2025-09-12T02:58:29.677309-03:00,6
2025-09-12T03:48:30.883840-03:00,6
2025-09-12T03:56:24.355129-03:00,1
2025-09-12T04:28:05.735684-03:00,6
2025-09-12T04:38:00.883724-03:00,6
2025-09-12T04:46:04.268643-03:00,6
2025-09-12T04:54:24.178570-03:00,6
2025-09-12T05:41:34.321110-03:00,6
2025-09-12T05:54:22.999349-03:00,1
2025-09-12T06:31:15.944606-03:00,6
2025-09-12T06:42:15.326340-03:00,6
2025-09-12T06:50:34.063107-03:00,2
2025-09-12T06:58:40.201823-03:00,2
2025-09-12T07:37:35.048601-03:00,6
2025-09-12T07:45:41.524356-03:00,6
2025-09-12T07:53:36.602026-03:00,6
2025-09-12T08:24:35.951301-03:00,1
2025-09-12T08:37:35.010229-03:00,6
2025-09-12T08:45:10.868030-03:00,6
2025-09-12T08:52:46.917640-03:00,6
2025-09-12T09:00:17.180849-03:00,6
2025-09-12T10:15:54.331128-03:00,3
2025-09-12T10:42:16.658695-03:00,3
2025-09-12T10:50:29.649275-03:00,3
2025-09-12T10:58:22.575927-03:00,3
2025-09-12T11:37:37.113849-03:00,2
2025-09-12T11:46:24.940136-03:00,2
2025-09-12T11:54:35.218879-03:00,3
2025-09-12T12:30:24.350976-03:00,1
2025-09-12T12:39:41.957854-03:00,1
2025-09-12T12:48:09.138944-03:00,1
2025-09-12T12:56:19.332983-03:00,3
2025-09-12T13:38:12.561277-03:00,3
2025-09-12T13:48:11.069949-03:00,3
2025-09-12T13:55:57.386682-03:00,4
2025-09-12T14:29:07.723907-03:00,8
2025-09-12T14:40:05.445067-03:00,11
2025-09-12T14:48:02.270832-03:00,11
2025-09-12T14:55:39.784620-03:00,8
2025-09-12T15:39:47.827954-03:00,6
2025-09-12T15:50:21.240450-03:00,9
2025-09-12T15:58:48.649272-03:00,9
2025-09-12T16:23:17.280140-03:00,13
2025-09-12T16:31:08.801383-03:00,13
2025-09-12T16:39:47.696617-03:00,7
2025-09-12T16:47:50.309261-03:00,7
2025-09-12T16:55:34.330247-03:00,13
2025-09-12T17:31:39.785666-03:00,12
2025-09-12T17:42:32.459585-03:00,12
2025-09-12T17:50:48.984426-03:00,8
2025-09-12T17:58:28.943873-03:00,8
2025-09-12T18:26:06.422022-03:00,11
2025-09-12T18:36:42.515375-03:00,7
2025-09-12T18:44:32.492140-03:00,7
2025-09-12T18:52:30.366062-03:00,6
2025-09-12T19:00:30.025765-03:00,6
2025-09-12T19:32:00.856533-03:00,9
2025-09-12T19:41:35.721001-03:00,10
2025-09-12T19:49:35.263232-03:00,10
2025-09-12T19:57:20.839099-03:00,6
2025-09-12T20:25:35.706305-03:00,5
2025-09-12T20:38:46.939497-03:00,10
2025-09-12T20:46:45.029799-03:00,10
2025-09-12T20:54:25.481264-03:00,4
2025-09-12T23:39:18.193866-03:00,5
2025-09-13T00:31:58.609331-03:00,1
2025-09-13T00:42:54.022448-03:00,4
2025-09-13T00:50:42.119395-03:00,5
2025-09-13T00:58:26.436496-03:00,5
2025-09-13T01:35:47.416230-03:00,4
2025-09-13T01:44:46.992315-03:00,4
2025-09-13T01:52:33.676055-03:00,6
2025-09-13T02:00:10.783899-03:00,6
2025-09-13T02:31:29.189561-03:00,6
2025-09-13T02:40:59.888286-03:00,7
2025-09-13T02:48:53.057703-03:00,7
2025-09-13T02:56:23.451824-03:00,4
2025-09-13T03:41:49.567650-03:00,3
2025-09-13T03:50:02.095135-03:00,3
2025-09-13T03:58:18.810979-03:00,9
2025-09-13T04:24:50.053808-03:00,6
2025-09-13T04:36:27.783423-03:00,4
2025-09-13T04:44:29.562958-03:00,4
2025-09-13T04:52:02.554594-03:00,6
2025-09-13T04:59:44.996880-03:00,6
2025-09-13T05:36:56.769284-03:00,2
2025-09-13T05:46:37.510930-03:00,2
2025-09-13T05:54:45.095625-03:00,3
2025-09-13T06:27:05.877241-03:00,5
2025-09-13T06:37:09.323027-03:00,4
2025-09-13T06:44:47.672212-03:00,4
2025-09-13T06:52:50.360931-03:00,3
2025-09-13T07:00:38.277687-03:00,3
2025-09-13T07:32:56.119120-03:00,2
2025-09-13T07:41:14.315208-03:00,5
2025-09-13T07:49:02.920089-03:00,5
2025-09-13T07:56:21.166390-03:00,2
2025-09-13T08:21:03.851757-03:00,1
2025-09-13T08:28:51.652555-03:00,1
2025-09-13T08:39:30.690487-03:00,3
2025-09-13T08:47:40.353278-03:00,3
2025-09-13T08:55:19.816927-03:00,3
2025-09-13T10:00:15.684659-03:00,4
2025-09-13T10:30:36.435391-03:00,2
2025-09-13T10:39:07.953051-03:00,4
2025-09-13T10:47:13.063601-03:00,4
2025-09-13T10:55:13.341436-03:00,3
2025-09-13T11:26:38.802948-03:00,3
2025-09-13T11:35:40.046452-03:00,6
2025-09-13T11:43:42.493595-03:00,6
2025-09-13T11:51:36.130357-03:00,3
2025-09-13T11:59:21.031868-03:00,3
2025-09-13T12:25:47.981034-03:00,4
2025-09-13T12:36:13.360474-03:00,3
2025-09-13T12:44:10.839961-03:00,3
2025-09-13T12:52:14.413761-03:00,6
2025-09-13T13:00:16.034898-03:00,6
2025-09-13T13:34:32.178571-03:00,7
2025-09-13T13:43:21.527100-03:00,5
2025-09-13T13:51:20.541622-03:00,7
2025-09-13T13:59:22.727763-03:00,7
2025-09-13T14:25:35.904758-03:00,9
2025-09-13T14:36:19.695479-03:00,4
2025-09-13T14:44:09.795484-03:00,4
2025-09-13T14:51:50.209713-03:00,5
2025-09-13T14:59:35.565660-03:00,5
2025-09-13T15:38:51.250501-03:00,5
2025-09-13T15:46:32.831517-03:00,5
2025-09-13T15:54:31.855896-03:00,5
2025-09-13T16:18:36.400591-03:00,8
2025-09-13T16:26:11.343011-03:00,8
2025-09-13T16:36:44.591334-03:00,6
2025-09-13T16:44:40.955152-03:00,6
2025-09-13T16:52:46.200551-03:00,6
2025-09-13T17:00:19.110800-03:00,6
2025-09-13T17:29:12.607013-03:00,6
2025-09-13T17:39:30.253485-03:00,7
2025-09-13T17:47:16.249543-03:00,7
2025-09-13T17:55:04.436624-03:00,7
2025-09-13T18:23:27.778294-03:00,7
2025-09-13T18:35:56.154553-03:00,5
2025-09-13T18:43:33.151119-03:00,5
2025-09-13T18:51:19.525954-03:00,8
2025-09-13T18:58:52.553222-03:00,8
2025-09-13T19:29:47.006768-03:00,7
2025-09-13T19:39:37.861010-03:00,5
2025-09-13T19:47:46.233194-03:00,5
2025-09-13T19:55:19.578275-03:00,4
2025-09-13T20:24:28.980484-03:00,3
2025-09-13T20:37:14.895868-03:00,2
2025-09-13T20:45:09.050753-03:00,2
2025-09-13T20:53:05.933239-03:00,3
2025-09-14T00:09:46.266499-03:00,2
2025-09-14T00:49:18.942978-03:00,6
2025-09-14T00:57:19.640055-03:00,3
2025-09-14T01:36:14.899708-03:00,4
2025-09-14T01:45:29.657720-03:00,4
2025-09-14T01:53:23.407668-03:00,6
2025-09-14T02:29:55.000389-03:00,2
2025-09-14T02:41:28.062445-03:00,3
2025-09-14T02:49:08.449222-03:00,3
2025-09-14T02:56:48.223408-03:00,1
2025-09-14T03:43:16.400074-03:00,2
2025-09-14T03:50:56.292389-03:00,6
2025-09-14T03:58:54.329085-03:00,6
2025-09-14T04:25:59.888446-03:00,3
2025-09-14T04:37:20.612626-03:00,1
2025-09-14T04:44:57.216296-03:00,1
2025-09-14T04:52:21.088794-03:00,1
2025-09-14T05:00:29.983551-03:00,1
2025-09-14T05:37:24.755356-03:00,6
2025-09-14T05:46:51.176421-03:00,6
2025-09-14T05:54:45.803633-03:00,6
2025-09-14T06:27:04.456178-03:00,6
2025-09-14T06:38:51.245244-03:00,1
2025-09-14T06:46:50.481804-03:00,1
2025-09-14T06:54:41.294111-03:00,1
2025-09-14T07:29:54.360655-03:00,6
2025-09-14T07:39:44.922335-03:00,6
2025-09-14T07:48:01.096234-03:00,6
2025-09-14T07:56:09.932693-03:00,2
2025-09-14T08:20:23.969700-03:00,6
2025-09-14T08:28:10.294619-03:00,6
2025-09-14T08:38:13.215796-03:00,6
2025-09-14T08:45:43.218542-03:00,6
2025-09-14T08:53:51.090609-03:00,6
2025-09-14T09:59:16.671017-03:00,6
2025-09-14T10:29:41.602016-03:00,6
2025-09-14T10:38:09.423811-03:00,6
2025-09-14T10:46:08.551061-03:00,6
2025-09-14T10:53:53.298044-03:00,6
2025-09-14T11:28:01.066967-03:00,2
2025-09-14T11:37:56.455259-03:00,4
2025-09-14T11:46:07.374262-03:00,4
2025-09-14T11:54:00.614335-03:00,2
2025-09-14T12:25:58.051639-03:00,3
2025-09-14T12:35:56.822269-03:00,1
2025-09-14T12:43:51.421761-03:00,1
2025-09-14T12:52:00.128228-03:00,2
2025-09-14T13:00:02.739121-03:00,2
2025-09-14T13:34:02.659024-03:00,7
2025-09-14T13:43:08.911962-03:00,4
2025-09-14T13:50:48.915937-03:00,4
2025-09-14T13:58:36.097956-03:00,4
2025-09-14T14:25:59.554760-03:00,6
2025-09-14T14:36:33.361728-03:00,2
2025-09-14T14:44:47.571696-03:00,2
2025-09-14T14:52:32.362318-03:00,5
2025-09-14T15:00:17.065333-03:00,5
2025-09-14T15:40:02.878436-03:00,4
2025-09-14T15:47:25.440702-03:00,4
2025-09-14T15:55:41.152474-03:00,6
2025-09-14T16:19:28.498930-03:00,3
2025-09-14T16:27:24.679458-03:00,2
2025-09-14T16:37:40.118185-03:00,10
2025-09-14T16:45:14.374362-03:00,10
2025-09-14T16:53:03.176032-03:00,10
2025-09-14T17:28:26.901165-03:00,6
2025-09-14T17:40:11.689454-03:00,5
2025-09-14T17:48:21.556031-03:00,5
2025-09-14T17:56:14.948228-03:00,10
2025-09-14T18:24:24.159723-03:00,9
2025-09-14T18:35:58.258368-03:00,8
2025-09-14T18:43:29.702184-03:00,8
2025-09-14T18:51:43.437835-03:00,3
2025-09-14T18:59:27.585233-03:00,3
2025-09-14T19:31:04.701225-03:00,2
2025-09-14T19:40:47.389574-03:00,4
2025-09-14T19:48:48.674079-03:00,4
2025-09-14T19:56:48.241250-03:00,3
2025-09-14T20:25:51.452527-03:00,2
2025-09-14T20:38:28.969421-03:00,1
2025-09-14T20:46:47.303089-03:00,1
2025-09-14T20:54:40.763439-03:00,4
2025-09-15T00:17:02.581837-03:00,6
2025-09-15T00:56:06.564081-03:00,2
2025-09-15T01:40:23.413006-03:00,6
2025-09-15T01:51:06.038842-03:00,6
2025-09-15T01:59:09.885102-03:00,6
2025-09-15T02:37:08.133717-03:00,6
2025-09-15T02:46:22.807680-03:00,6
2025-09-15T02:53:58.067056-03:00,6
2025-09-15T03:52:29.647285-03:00,6
2025-09-15T04:00:33.741104-03:00,6
2025-09-15T04:32:00.782644-03:00,6
2025-09-15T04:43:06.759580-03:00,6
2025-09-15T04:51:06.568661-03:00,6
2025-09-15T04:58:39.074703-03:00,6
2025-09-15T05:46:39.873387-03:00,6
2025-09-15T05:56:15.206226-03:00,6
2025-09-15T06:37:36.193485-03:00,6
2025-09-15T06:47:29.448709-03:00,6
2025-09-15T06:55:01.043157-03:00,6
2025-09-15T07:39:38.682435-03:00,6
2025-09-15T07:49:36.549844-03:00,6
2025-09-15T07:57:15.735608-03:00,6
2025-09-15T08:25:26.865767-03:00,6
2025-09-15T08:38:05.639882-03:00,6
2025-09-15T08:45:52.671179-03:00,6
2025-09-15T08:53:58.407584-03:00,6
2025-09-15T10:18:44.351190-03:00,6
2025-09-15T10:44:10.387656-03:00,1
2025-09-15T10:52:15.863459-03:00,1
2025-09-15T11:00:19.465104-03:00,1
2025-09-15T11:32:52.896179-03:00,6
2025-09-15T11:46:30.506743-03:00,3
2025-09-15T11:54:14.687450-03:00,3
2025-09-15T12:33:29.457502-03:00,2
2025-09-15T12:45:05.743416-03:00,3
2025-09-15T12:53:23.864673-03:00,2
2025-09-15T13:43:12.750597-03:00,3
2025-09-15T13:54:09.415742-03:00,5
2025-09-15T14:29:49.524654-03:00,5
2025-09-15T14:42:20.168376-03:00,6
2025-09-15T14:50:20.671088-03:00,5
2025-09-15T14:58:12.678198-03:00,5
2025-09-15T15:48:04.602653-03:00,8
2025-09-15T15:55:55.106451-03:00,6
2025-09-15T16:23:11.472016-03:00,5
2025-09-15T16:30:36.249712-03:00,5
2025-09-15T16:40:39.616333-03:00,9
2025-09-15T16:48:25.375483-03:00,9
2025-09-15T17:32:41.797067-03:00,7
2025-09-15T17:43:37.353980-03:00,6
2025-09-15T17:51:53.950128-03:00,7
2025-09-15T17:59:29.244549-03:00,7
2025-09-15T18:28:20.721124-03:00,5
2025-09-15T18:37:47.678776-03:00,6
2025-09-15T18:45:24.628187-03:00,6
2025-09-15T18:53:13.597636-03:00,6
2025-09-15T19:31:53.414140-03:00,4
2025-09-15T19:41:33.038566-03:00,5
2025-09-15T19:49:33.840849-03:00,5
2025-09-15T19:57:06.300189-03:00,5
2025-09-15T20:25:55.518396-03:00,5
2025-09-15T20:37:29.596518-03:00,3
2025-09-15T20:45:05.086554-03:00,3
2025-09-15T20:52:59.542078-03:00,3
2025-09-16T00:02:51.974924-03:00,2
2025-09-16T00:46:06.624411-03:00,5
2025-09-16T00:54:08.290378-03:00,5
2025-09-16T01:38:04.129074-03:00,5
2025-09-16T01:47:36.468179-03:00,5
2025-09-16T01:55:33.564402-03:00,5
2025-09-16T02:33:30.141842-03:00,5
2025-09-16T02:43:29.574021-03:00,5
2025-09-16T02:51:01.705549-03:00,5
2025-09-16T02:59:04.807414-03:00,5
2025-09-16T03:50:31.755472-03:00,5
2025-09-16T03:58:28.622257-03:00,5
2025-09-16T04:30:40.805173-03:00,5
2025-09-16T04:41:49.715665-03:00,5
2025-09-16T04:49:36.637945-03:00,5
2025-09-16T04:57:19.797583-03:00,5
2025-09-16T05:47:40.213972-03:00,5
2025-09-16T05:57:21.599221-03:00,5
2025-09-16T06:35:57.943874-03:00,5
2025-09-16T06:46:05.594708-03:00,5
2025-09-16T06:54:09.606486-03:00,5
2025-09-16T07:38:51.782511-03:00,5
2025-09-16T07:48:58.029101-03:00,5
2025-09-16T07:56:40.836165-03:00,5
2025-09-16T08:25:38.675880-03:00,5
2025-09-16T08:39:06.855038-03:00,5
2025-09-16T08:47:10.586368-03:00,5
2025-09-16T08:54:51.952611-03:00,5
2025-09-16T10:20:02.349251-03:00,3
2025-09-16T10:47:55.590266-03:00,1
2025-09-16T10:56:04.846459-03:00,4
2025-09-16T11:39:38.796465-03:00,2
2025-09-16T11:50:49.622655-03:00,4
2025-09-16T11:58:49.291689-03:00,4
2025-09-16T12:35:31.890658-03:00,3
2025-09-16T12:46:14.795346-03:00,3
2025-09-16T12:54:25.238743-03:00,2
2025-09-16T13:42:33.413370-03:00,1
2025-09-16T13:53:42.646741-03:00,4
2025-09-16T14:30:46.159881-03:00,4
2025-09-16T14:42:14.312281-03:00,2
2025-09-16T14:50:40.964940-03:00,3
2025-09-16T14:58:36.534910-03:00,3
2025-09-16T15:47:25.895918-03:00,7
2025-09-16T15:55:37.386370-03:00,8
2025-09-16T16:22:42.544663-03:00,11
2025-09-16T16:30:14.659401-03:00,11
2025-09-16T16:40:19.764177-03:00,10
2025-09-16T16:48:08.267583-03:00,10
2025-09-16T16:55:46.436841-03:00,12
2025-09-16T17:33:06.995233-03:00,10
2025-09-16T17:44:19.440532-03:00,14
2025-09-16T17:52:40.325131-03:00,7
2025-09-16T18:00:21.120042-03:00,7
2025-09-16T18:28:21.895304-03:00,11
2025-09-16T18:40:34.046022-03:00,9
2025-09-16T18:48:20.686737-03:00,9
2025-09-16T18:56:07.420355-03:00,11
2025-09-16T19:28:43.296766-03:00,6
2025-09-16T19:37:04.930860-03:00,6
2025-09-16T19:45:06.456663-03:00,6
2025-09-16T19:52:50.783491-03:00,7
2025-09-16T20:00:39.805732-03:00,7
2025-09-16T20:24:37.380886-03:00,5
2025-09-16T20:37:56.831850-03:00,6
2025-09-16T20:46:00.914666-03:00,6
2025-09-16T20:54:10.233177-03:00,5
2025-09-17T00:02:03.508762-03:00,4
2025-09-17T00:44:37.533387-03:00,7
2025-09-17T00:52:40.830252-03:00,5
2025-09-17T01:00:30.364460-03:00,5
2025-09-17T01:38:47.556271-03:00,5
2025-09-17T01:48:01.555004-03:00,5
2025-09-17T01:55:39.996708-03:00,3
2025-09-17T02:33:06.225058-03:00,8
2025-09-17T02:43:45.521010-03:00,5
2025-09-17T02:51:19.706703-03:00,6
2025-09-17T02:59:08.647374-03:00,6
2025-09-17T03:50:35.404367-03:00,3
2025-09-17T03:58:13.372180-03:00,3
2025-09-17T04:28:35.175723-03:00,4
2025-09-17T04:41:32.671633-03:00,2
2025-09-17T04:49:10.282060-03:00,2
2025-09-17T04:56:57.774136-03:00,2
2025-09-17T05:45:14.100883-03:00,4
2025-09-17T05:56:18.893401-03:00,3
2025-09-17T06:33:08.295645-03:00,4
2025-09-17T06:45:22.466523-03:00,3
2025-09-17T06:53:27.781058-03:00,2
2025-09-17T07:37:45.920316-03:00,1
2025-09-17T07:46:45.570126-03:00,1
2025-09-17T07:54:26.558324-03:00,9
2025-09-17T08:25:05.978869-03:00,1
2025-09-17T08:38:08.149127-03:00,9
2025-09-17T08:46:08.614045-03:00,9
2025-09-17T08:53:57.084994-03:00,2
2025-09-17T10:18:17.188318-03:00,9
2025-09-17T10:44:45.118075-03:00,9
2025-09-17T10:52:58.143053-03:00,9
2025-09-17T11:36:53.411630-03:00,4
2025-09-17T11:47:28.364157-03:00,4
2025-09-17T11:55:03.208889-03:00,3
2025-09-17T12:33:25.523825-03:00,3
2025-09-17T12:44:39.547773-03:00,3
2025-09-17T12:52:43.992131-03:00,1
2025-09-17T13:01:16.264912-03:00,1
2025-09-17T13:44:57.961855-03:00,1
2025-09-17T13:54:41.529873-03:00,2
2025-09-17T14:30:29.542420-03:00,9
2025-09-17T14:41:34.603365-03:00,2
2025-09-17T14:49:40.195351-03:00,2
2025-09-17T14:57:34.572194-03:00,1
2025-09-17T15:47:25.516712-03:00,5
2025-09-17T15:55:15.582223-03:00,5
2025-09-17T16:22:38.121020-03:00,5
2025-09-17T16:30:43.880893-03:00,5
2025-09-17T16:40:39.322671-03:00,4
2025-09-17T16:48:33.358708-03:00,4
2025-09-17T16:56:02.550864-03:00,8
2025-09-17T17:32:52.107481-03:00,6
2025-09-17T17:44:18.620968-03:00,6
2025-09-17T17:52:02.824811-03:00,4
2025-09-17T17:59:57.039447-03:00,4
2025-09-17T18:25:17.121329-03:00,4
2025-09-17T18:38:33.670731-03:00,4
2025-09-17T18:46:36.377972-03:00,4
2025-09-17T18:54:20.654349-03:00,4
2025-09-17T19:27:40.698072-03:00,8
2025-09-17T19:39:15.798545-03:00,7
2025-09-17T19:47:31.827493-03:00,7
2025-09-17T19:55:06.615732-03:00,3
2025-09-17T20:26:18.234914-03:00,3
2025-09-17T20:37:16.188896-03:00,3
2025-09-17T20:45:02.777192-03:00,3
2025-09-17T20:53:14.975284-03:00,2
2025-09-18T00:04:37.555778-03:00,5
2025-09-18T00:48:36.875166-03:00,5
2025-09-18T00:56:26.352409-03:00,5
2025-09-18T01:38:36.287495-03:00,3
2025-09-18T01:47:41.239472-03:00,3
2025-09-18T01:55:19.464973-03:00,3
2025-09-18T02:33:11.766947-03:00,3
2025-09-18T02:42:53.185114-03:00,1
2025-09-18T02:50:57.308990-03:00,5
2025-09-18T02:58:50.428135-03:00,5
2025-09-18T03:49:29.968327-03:00,1
2025-09-18T03:57:01.124958-03:00,2
2025-09-18T04:28:39.041098-03:00,1
2025-09-18T04:41:05.546600-03:00,4
2025-09-18T04:49:14.520499-03:00,4
2025-09-18T04:57:24.227501-03:00,3
2025-09-18T05:44:40.493778-03:00,1
2025-09-18T05:55:37.520560-03:00,5
2025-09-18T06:32:34.449601-03:00,5
2025-09-18T06:44:51.756532-03:00,2
2025-09-18T06:53:05.246700-03:00,1
2025-09-18T07:37:37.987253-03:00,5
2025-09-18T07:47:42.493289-03:00,5
2025-09-18T07:55:51.122643-03:00,5
2025-09-18T08:24:45.265555-03:00,5
2025-09-18T08:38:08.765677-03:00,5
2025-09-18T08:45:57.359126-03:00,5
2025-09-18T08:54:22.413265-03:00,5
2025-09-18T10:18:15.898855-03:00,4
2025-09-18T10:44:30.444122-03:00,4
2025-09-18T10:53:04.235957-03:00,4
2025-09-18T11:37:17.607648-03:00,1
2025-09-18T11:46:17.498949-03:00,1
2025-09-18T11:54:02.445857-03:00,2
2025-09-18T12:33:14.392742-03:00,3
2025-09-18T12:44:41.276414-03:00,5
2025-09-18T12:52:48.516157-03:00,5
2025-09-18T13:00:23.368900-03:00,5
2025-09-18T13:43:26.014758-03:00,8
2025-09-18T13:53:16.656077-03:00,4
2025-09-18T14:31:06.487849-03:00,5
2025-09-18T14:43:16.801162-03:00,7
2025-09-18T14:51:20.843461-03:00,5
2025-09-18T14:58:56.324957-03:00,5
2025-09-18T15:49:26.597298-03:00,4
2025-09-18T15:57:18.604995-03:00,5
2025-09-18T16:22:31.947033-03:00,3
2025-09-18T16:30:06.300776-03:00,3
2025-09-18T16:40:25.257271-03:00,3
2025-09-18T16:47:48.291851-03:00,3
2025-09-18T16:55:29.440759-03:00,7
2025-09-18T17:33:54.079288-03:00,9
2025-09-18T17:45:11.812200-03:00,7
2025-09-18T17:52:41.621764-03:00,7
2025-09-18T18:00:23.693593-03:00,7
2025-09-18T18:29:53.398951-03:00,4
2025-09-18T18:41:02.323782-03:00,7
2025-09-18T18:48:51.923056-03:00,7
2025-09-18T18:56:41.112886-03:00,6
2025-09-18T19:30:58.039917-03:00,5
2025-09-18T19:41:48.796528-03:00,4
2025-09-18T19:49:18.982410-03:00,4
2025-09-18T19:57:00.277675-03:00,7
2025-09-18T20:27:16.914373-03:00,3
2025-09-18T20:40:53.639891-03:00,5
2025-09-18T20:49:07.853759-03:00,5
2025-09-18T20:56:41.663443-03:00,3
2025-09-19T00:09:31.373210-03:00,7
2025-09-19T00:49:55.637065-03:00,7
2025-09-19T00:57:32.268677-03:00,7
2025-09-19T01:39:25.679899-03:00,6
2025-09-19T01:50:23.997659-03:00,3
2025-09-19T01:58:27.028790-03:00,3
2025-09-19T02:33:20.880788-03:00,1
2025-09-19T02:43:10.963323-03:00,3
2025-09-19T02:51:28.980309-03:00,1
2025-09-19T02:59:05.305168-03:00,1
2025-09-19T03:49:53.294813-03:00,7
2025-09-19T03:57:30.057108-03:00,7
2025-09-19T04:29:07.732913-03:00,7
2025-09-19T04:40:21.379913-03:00,2
2025-09-19T04:48:12.243593-03:00,2
2025-09-19T04:56:21.132771-03:00,1
2025-09-19T05:43:09.862550-03:00,7
2025-09-19T05:55:20.193867-03:00,7
2025-09-19T06:32:41.857626-03:00,7
2025-09-19T06:43:58.326536-03:00,7
2025-09-19T06:52:21.653530-03:00,2
2025-09-19T07:00:16.184583-03:00,2
2025-09-19T07:39:37.973238-03:00,7
2025-09-19T07:48:03.237233-03:00,7
2025-09-19T07:56:07.729349-03:00,1
2025-09-19T08:26:23.598787-03:00,7
2025-09-19T08:39:16.342044-03:00,7
2025-09-19T08:47:13.927006-03:00,7
2025-09-19T08:55:03.027856-03:00,7
2025-09-19T10:17:29.577908-03:00,1
2025-09-19T10:44:59.453367-03:00,1
2025-09-19T10:53:14.853817-03:00,1
2025-09-19T11:37:07.812676-03:00,1
2025-09-19T11:47:20.334430-03:00,1
2025-09-19T11:55:00.630858-03:00,3
2025-09-19T12:32:01.878143-03:00,2
2025-09-19T12:44:32.591008-03:00,1
2025-09-19T12:52:27.379736-03:00,1
2025-09-19T12:59:58.542348-03:00,1
2025-09-19T13:42:59.674657-03:00,5
2025-09-19T13:52:07.879060-03:00,6
2025-09-19T13:59:49.056337-03:00,6
2025-09-19T14:18:47.317669-03:00,8
2025-09-19T14:31:42.019586-03:00,7
2025-09-19T14:41:25.437220-03:00,8
2025-09-19T14:49:26.039683-03:00,8
2025-09-19T14:56:58.356790-03:00,8
2025-09-19T15:23:06.266676-03:00,9
2025-09-19T15:43:11.008938-03:00,3
2025-09-19T15:52:45.919117-03:00,11
2025-09-19T16:00:27.039307-03:00,11
2025-09-19T16:18:40.305015-03:00,5
2025-09-19T16:27:02.245477-03:00,9
2025-09-19T16:36:48.269726-03:00,10
2025-09-19T16:44:30.615517-03:00,10
2025-09-19T16:52:17.033688-03:00,14
2025-09-19T16:59:45.662044-03:00,14
2025-09-19T17:24:24.692641-03:00,12
2025-09-19T17:36:23.125781-03:00,7
2025-09-19T17:44:20.495680-03:00,7
2025-09-19T17:52:00.220912-03:00,7
2025-09-19T17:59:33.294058-03:00,7
2025-09-19T18:19:08.892480-03:00,12
2025-09-19T18:28:50.282760-03:00,7
2025-09-19T18:37:37.862562-03:00,6
2025-09-19T18:45:07.363444-03:00,6
2025-09-19T18:53:10.849492-03:00,9
2025-09-19T19:08:01.795292-03:00,7
2025-09-19T19:28:12.948813-03:00,8
2025-09-19T19:38:38.306825-03:00,7
2025-09-19T19:46:46.124445-03:00,7
2025-09-19T19:54:57.063314-03:00,4
2025-09-19T20:11:16.984080-03:00,3
2025-09-19T20:25:22.573213-03:00,5
2025-09-19T20:34:37.074711-03:00,5
2025-09-19T20:42:52.765373-03:00,6
2025-09-19T20:50:27.433906-03:00,7
2025-09-19T20:58:00.702522-03:00,7
2025-09-19T22:21:26.971472-03:00,5
2025-09-19T23:33:56.660456-03:00,7
2025-09-20T00:08:32.853658-03:00,6
2025-09-20T00:35:53.342148-03:00,9
2025-09-20T00:47:40.561437-03:00,9
2025-09-20T00:55:11.035697-03:00,7
2025-09-20T01:15:37.155887-03:00,4
2025-09-20T01:34:53.684058-03:00,5
2025-09-20T01:45:27.264865-03:00,5
2025-09-20T01:53:31.787466-03:00,3
2025-09-20T02:09:01.121276-03:00,3
2025-09-20T02:28:55.956843-03:00,3
2025-09-20T02:39:57.336336-03:00,5
2025-09-20T02:47:59.404894-03:00,5
2025-09-20T02:55:50.681276-03:00,2
2025-09-20T03:19:21.374862-03:00,3
2025-09-20T03:41:30.915728-03:00,12
2025-09-20T03:51:05.337466-03:00,12
2025-09-20T03:58:55.526707-03:00,12
2025-09-20T04:18:01.228632-03:00,12
2025-09-20T04:28:19.960598-03:00,3
2025-09-20T04:37:36.374245-03:00,12
2025-09-20T04:45:46.986190-03:00,12
2025-09-20T04:53:49.626667-03:00,2
2025-09-20T05:12:14.824955-03:00,4
2025-09-20T05:33:44.801838-03:00,3
2025-09-20T05:46:07.193564-03:00,4
2025-09-20T05:53:56.694764-03:00,2
2025-09-20T06:09:45.130616-03:00,1
2025-09-20T06:26:39.183056-03:00,1
2025-09-20T06:36:02.914519-03:00,2
2025-09-20T06:43:44.156483-03:00,2
2025-09-20T06:51:38.254596-03:00,12
2025-09-20T06:59:27.267196-03:00,12
2025-09-20T07:20:55.677168-03:00,1
2025-09-20T07:34:59.572655-03:00,1
2025-09-20T07:43:06.750229-03:00,3
2025-09-20T07:51:11.987900-03:00,3
2025-09-20T07:58:51.464673-03:00,3
2025-09-20T08:15:45.283479-03:00,2
2025-09-20T08:25:21.354120-03:00,4
2025-09-20T08:35:07.324824-03:00,4
2025-09-20T08:43:02.390853-03:00,1
2025-09-20T08:51:00.748708-03:00,12
2025-09-20T08:58:37.481342-03:00,12
2025-09-20T09:38:00.700086-03:00,4
2025-09-20T10:02:07.455460-03:00,5
2025-09-20T10:27:18.120715-03:00,6
2025-09-20T10:37:47.928900-03:00,4
2025-09-20T10:45:39.205888-03:00,4
2025-09-20T10:53:52.100750-03:00,3
2025-09-20T11:08:19.546444-03:00,3
2025-09-20T11:26:36.182232-03:00,6
2025-09-20T11:37:02.080007-03:00,7
2025-09-20T11:44:50.947950-03:00,7
2025-09-20T11:52:53.819467-03:00,5
2025-09-20T12:01:25.518821-03:00,5
2025-09-20T12:22:55.257498-03:00,2
2025-09-20T12:31:08.540812-03:00,2
2025-09-20T12:40:09.116024-03:00,7
2025-09-20T12:48:17.606468-03:00,7
2025-09-20T12:55:49.962051-03:00,2
2025-09-20T13:15:20.529314-03:00,4
2025-09-20T13:33:20.478547-03:00,4
2025-09-20T13:43:30.495638-03:00,5
2025-09-20T13:51:38.836465-03:00,2
2025-09-20T13:59:12.492142-03:00,2
2025-09-20T14:15:29.852115-03:00,4
2025-09-20T14:27:18.404632-03:00,3
2025-09-20T14:36:14.957222-03:00,5
2025-09-20T14:44:21.109782-03:00,5
2025-09-20T14:52:21.967933-03:00,4
2025-09-20T15:00:36.068131-03:00,4
2025-09-20T15:30:26.011100-03:00,8
2025-09-20T15:43:22.522362-03:00,7
2025-09-20T15:51:05.088869-03:00,6
2025-09-20T15:58:42.437339-03:00,6
2025-09-20T16:13:34.313903-03:00,5
2025-09-20T16:22:22.437583-03:00,8
2025-09-20T16:30:01.026804-03:00,8
2025-09-20T16:38:14.995238-03:00,8
2025-09-20T16:45:48.719023-03:00,8
2025-09-20T16:53:58.840809-03:00,7
2025-09-20T17:10:13.182368-03:00,4
2025-09-20T17:27:04.435551-03:00,1
2025-09-20T17:36:12.364400-03:00,6
2025-09-20T17:44:22.233352-03:00,6
2025-09-20T17:52:29.347472-03:00,4
2025-09-20T18:00:03.665894-03:00,4
2025-09-20T18:18:15.044718-03:00,5
2025-09-20T18:27:10.549378-03:00,5
2025-09-20T18:36:22.483801-03:00,3
2025-09-20T18:44:12.976826-03:00,3
2025-09-20T18:52:18.499430-03:00,6
2025-09-20T19:00:06.160147-03:00,6
2025-09-20T19:19:55.214822-03:00,5
2025-09-20T19:31:51.943502-03:00,5
2025-09-20T19:40:27.666920-03:00,5
2025-09-20T19:48:31.636382-03:00,5
2025-09-20T19:56:45.455400-03:00,7
2025-09-20T20:13:41.753557-03:00,4
2025-09-20T20:26:19.725823-03:00,5
2025-09-20T20:35:43.492752-03:00,4
2025-09-20T20:43:34.986503-03:00,4
2025-09-20T20:51:05.539763-03:00,2
2025-09-20T20:58:41.622523-03:00,2
2025-09-20T22:45:12.607376-03:00,4
2025-09-21T00:00:14.193666-03:00,2
2025-09-21T00:39:28.139700-03:00,3
2025-09-21T00:54:25.739244-03:00,3
2025-09-21T01:13:15.442617-03:00,3
2025-09-21T01:33:30.016977-03:00,3
2025-09-21T01:44:57.117156-03:00,1
2025-09-21T01:52:27.297692-03:00,2
2025-09-21T02:00:08.758659-03:00,2
2025-09-21T02:21:41.222992-03:00,5
2025-09-21T02:34:51.575939-03:00,5
2025-09-21T02:43:04.356467-03:00,1
2025-09-21T02:50:57.469831-03:00,1
2025-09-21T02:58:52.240733-03:00,1
2025-09-21T03:30:00.614859-03:00,2
2025-09-21T03:46:36.515248-03:00,1
2025-09-21T03:54:38.819797-03:00,4
2025-09-21T04:09:46.262335-03:00,1
2025-09-21T04:24:05.277128-03:00,2
2025-09-21T04:32:29.183844-03:00,2
2025-09-21T04:39:57.307625-03:00,7
2025-09-21T04:47:52.575791-03:00,7
2025-09-21T04:55:52.055046-03:00,7
2025-09-21T05:15:24.256134-03:00,11
2025-09-21T05:33:02.335596-03:00,8
2025-09-21T05:43:28.536016-03:00,6
2025-09-21T05:51:35.537137-03:00,2
2025-09-21T05:59:27.758732-03:00,2
2025-09-21T06:19:56.962093-03:00,3
2025-09-21T06:29:52.498141-03:00,3
2025-09-21T06:38:48.796764-03:00,3
2025-09-21T06:46:43.914231-03:00,3
2025-09-21T06:54:12.982255-03:00,6
2025-09-21T07:10:07.683151-03:00,4
2025-09-21T07:29:49.155277-03:00,5
2025-09-21T07:39:53.142563-03:00,3
2025-09-21T07:47:49.596337-03:00,3
2025-09-21T07:55:31.701160-03:00,3
2025-09-21T08:09:44.702652-03:00,3
2025-09-21T08:21:56.219180-03:00,2
2025-09-21T08:29:53.116726-03:00,2
2025-09-21T08:39:14.343963-03:00,12
2025-09-21T08:47:03.159776-03:00,12
2025-09-21T08:55:17.549262-03:00,12
2025-09-21T09:22:58.806094-03:00,2
2025-09-21T09:54:49.124000-03:00,1
2025-09-21T10:17:07.370165-03:00,3
2025-09-21T10:32:09.958228-03:00,5
2025-09-21T10:40:39.930833-03:00,2
2025-09-21T10:48:48.400570-03:00,2
2025-09-21T10:57:00.277723-03:00,1
2025-09-21T11:13:28.041765-03:00,1
2025-09-21T11:29:19.782769-03:00,2
2025-09-21T11:39:01.460400-03:00,3
2025-09-21T11:46:45.974121-03:00,3
2025-09-21T11:54:24.807346-03:00,2
2025-09-21T12:09:46.358549-03:00,1
2025-09-21T12:26:23.557625-03:00,2
2025-09-21T12:35:42.529501-03:00,3
2025-09-21T12:43:38.484886-03:00,3
2025-09-21T12:51:51.144747-03:00,5
2025-09-21T12:59:42.802311-03:00,5
2025-09-21T13:25:12.165736-03:00,2
2025-09-21T13:39:46.420035-03:00,6
2025-09-21T13:47:29.306817-03:00,6
2025-09-21T13:55:38.116170-03:00,4
2025-09-21T14:11:02.399164-03:00,7
2025-09-21T14:26:38.096540-03:00,6
2025-09-21T14:36:35.251945-03:00,12
2025-09-21T14:44:17.547983-03:00,12
2025-09-21T14:52:25.651651-03:00,10
2025-09-21T15:00:24.128043-03:00,10
2025-09-21T15:31:52.215915-03:00,8
2025-09-21T15:45:59.488615-03:00,6
2025-09-21T15:54:12.739018-03:00,8
2025-09-21T16:07:42.197673-03:00,10
2025-09-21T16:20:31.766196-03:00,12
2025-09-21T16:28:21.453187-03:00,12
2025-09-21T16:37:42.380170-03:00,10
2025-09-21T16:45:58.647987-03:00,10
2025-09-21T16:54:05.833989-03:00,7
2025-09-21T17:11:00.020343-03:00,9
2025-09-21T17:29:11.334659-03:00,12
2025-09-21T17:39:41.546414-03:00,4
2025-09-21T17:47:18.999045-03:00,4
2025-09-21T17:55:34.900995-03:00,10
2025-09-21T18:11:24.167196-03:00,8
2025-09-21T18:25:25.743009-03:00,8
2025-09-21T18:34:47.403553-03:00,8
2025-09-21T18:42:31.711312-03:00,3
2025-09-21T18:50:40.577387-03:00,6
2025-09-21T18:58:26.520924-03:00,6
2025-09-21T19:17:38.243313-03:00,8
2025-09-21T19:32:16.723196-03:00,4
2025-09-21T19:42:01.458084-03:00,6
2025-09-21T19:50:12.901100-03:00,6
2025-09-21T19:57:58.284432-03:00,5
2025-09-21T20:16:23.444501-03:00,4
2025-09-21T20:28:23.904048-03:00,3
2025-09-21T20:37:24.406673-03:00,3
2025-09-21T20:45:09.335797-03:00,3
2025-09-21T20:52:46.978177-03:00,2
2025-09-21T21:00:15.226882-03:00,2
2025-09-21T23:00:42.610914-03:00,15
2025-09-22T00:11:35.648536-03:00,5
2025-09-22T00:45:42.063660-03:00,5
2025-09-22T00:57:21.088093-03:00,3
2025-09-22T01:20:54.420652-03:00,2
2025-09-22T01:39:05.212439-03:00,5
2025-09-22T01:48:22.783540-03:00,5
2025-09-22T01:56:56.770506-03:00,5
2025-09-22T02:15:02.501151-03:00,5
2025-09-22T02:32:45.832741-03:00,5
2025-09-22T02:43:43.193727-03:00,5
2025-09-22T02:51:47.729509-03:00,5
2025-09-22T02:59:32.480523-03:00,5
2025-09-22T03:35:22.978348-03:00,5
2025-09-22T03:53:42.618060-03:00,5
2025-09-22T04:11:13.166008-03:00,5
2025-09-22T04:29:41.860340-03:00,2
2025-09-22T04:40:38.509484-03:00,2
2025-09-22T04:48:45.885448-03:00,2
2025-09-22T04:56:30.145533-03:00,1
2025-09-22T05:22:14.123913-03:00,1
2025-09-22T05:43:42.661367-03:00,5
2025-09-22T05:55:47.382000-03:00,5
2025-09-22T06:17:50.890996-03:00,1
2025-09-22T06:37:00.401121-03:00,5
2025-09-22T06:47:40.433991-03:00,5
2025-09-22T06:55:48.548457-03:00,5
2025-09-22T07:16:18.971042-03:00,5
2025-09-22T07:38:43.625127-03:00,5
2025-09-22T07:49:38.386758-03:00,5
2025-09-22T07:57:55.539850-03:00,5
2025-09-22T08:16:18.191281-03:00,5
2025-09-22T08:28:44.534476-03:00,5
2025-09-22T08:38:28.277309-03:00,5
2025-09-22T08:46:49.712580-03:00,5
2025-09-22T08:54:53.032200-03:00,5
2025-09-22T09:24:49.218495-03:00,1
2025-09-22T10:03:44.862464-03:00,1
2025-09-22T10:34:52.211782-03:00,2
2025-09-22T10:47:41.927479-03:00,3
2025-09-22T10:55:58.752596-03:00,3
2025-09-22T11:15:50.829358-03:00,2
2025-09-22T11:36:13.288764-03:00,2
2025-09-22T11:48:18.534162-03:00,2
2025-09-22T11:56:17.808435-03:00,4
2025-09-22T12:17:03.185993-03:00,1
2025-09-22T12:33:32.892556-03:00,5
2025-09-22T12:44:27.963569-03:00,1
2025-09-22T12:52:47.330254-03:00,3
2025-09-22T13:00:29.740106-03:00,3
2025-09-22T13:31:51.288615-03:00,1
2025-09-22T13:45:39.106923-03:00,3
2025-09-22T13:54:02.405882-03:00,3
2025-09-22T14:09:42.717687-03:00,3
2025-09-22T14:27:09.425658-03:00,6
2025-09-22T14:38:05.704790-03:00,2
2025-09-22T14:46:16.060268-03:00,2
2025-09-22T14:54:09.179611-03:00,4
2025-09-22T15:15:35.236544-03:00,3
2025-09-22T15:41:10.899148-03:00,5
2025-09-22T15:52:09.363508-03:00,3
2025-09-22T15:59:36.269266-03:00,3
2025-09-22T16:18:02.869657-03:00,5
2025-09-22T16:27:46.915477-03:00,8
2025-09-22T16:37:43.914298-03:00,6
2025-09-22T16:45:33.718596-03:00,6
2025-09-22T16:53:55.858809-03:00,6
2025-09-22T17:11:28.207616-03:00,10
2025-09-22T17:30:51.826133-03:00,10
2025-09-22T17:42:22.548952-03:00,2
2025-09-22T17:50:38.536248-03:00,5
2025-09-22T17:58:44.690452-03:00,5
2025-09-22T18:17:29.152684-03:00,6
2025-09-22T18:28:36.821919-03:00,5
2025-09-22T18:36:45.581970-03:00,7
2025-09-22T18:44:14.859622-03:00,7
2025-09-22T18:52:28.796539-03:00,9
2025-09-22T19:00:23.977673-03:00,9
2025-09-22T19:22:10.835629-03:00,7
2025-09-22T19:34:33.251143-03:00,7
2025-09-22T19:42:47.533648-03:00,3
2025-09-22T19:50:16.915399-03:00,5
2025-09-22T19:57:49.395768-03:00,5
2025-09-22T20:16:34.085675-03:00,3
2025-09-22T20:28:37.964502-03:00,3
2025-09-22T20:37:48.945272-03:00,3
2025-09-22T20:45:22.163974-03:00,3
2025-09-22T20:53:39.788597-03:00,3
2025-09-22T21:43:10.063938-03:00,2
2025-09-22T23:11:08.281369-03:00,10
2025-09-23T00:05:03.226418-03:00,5
2025-09-23T00:36:10.815744-03:00,5
2025-09-23T00:50:01.699735-03:00,5
2025-09-23T00:57:40.855938-03:00,5
2025-09-23T01:21:15.089420-03:00,5
2025-09-23T01:38:13.140603-03:00,1
2025-09-23T01:47:33.436872-03:00,1
2025-09-23T01:55:34.325338-03:00,5
2025-09-23T02:13:53.734503-03:00,5
2025-09-23T02:32:18.432021-03:00,5
2025-09-23T02:43:39.477985-03:00,5
2025-09-23T02:51:57.104185-03:00,5
2025-09-23T02:59:35.910562-03:00,5
2025-09-23T03:34:15.983530-03:00,5
2025-09-23T03:52:03.242471-03:00,5
2025-09-23T04:00:20.098816-03:00,5
2025-09-23T04:24:03.546563-03:00,5
2025-09-23T04:35:33.062091-03:00,5
2025-09-23T04:43:49.560321-03:00,5
2025-09-23T04:51:54.899476-03:00,5
2025-09-23T04:59:59.743165-03:00,5
2025-09-23T05:31:21.902954-03:00,5
2025-09-23T05:48:15.175596-03:00,5
2025-09-23T05:56:42.361709-03:00,5
2025-09-23T06:17:24.350467-03:00,5
2025-09-23T06:33:34.997504-03:00,5
2025-09-23T06:43:52.845221-03:00,5
2025-09-23T06:52:09.608016-03:00,5
2025-09-23T06:59:49.863959-03:00,5
2025-09-23T07:24:37.605754-03:00,5
2025-09-23T07:40:36.922097-03:00,5
2025-09-23T07:49:47.523753-03:00,5
2025-09-23T07:57:38.566965-03:00,5
2025-09-23T08:15:04.993206-03:00,5
2025-09-23T08:27:15.454292-03:00,3
2025-09-23T08:36:57.150706-03:00,5
2025-09-23T08:45:15.643254-03:00,5
2025-09-23T08:53:28.891773-03:00,2
2025-09-23T09:17:46.690684-03:00,1
2025-09-23T09:58:43.148697-03:00,2
2025-09-23T10:29:54.217894-03:00,3
2025-09-23T10:46:25.136046-03:00,3
2025-09-23T10:54:32.235636-03:00,1
2025-09-23T11:12:07.969839-03:00,1
2025-09-23T11:33:51.714170-03:00,1
2025-09-23T11:46:53.232799-03:00,1
2025-09-23T11:54:50.080002-03:00,3
2025-09-23T12:12:50.644939-03:00,2
2025-09-23T12:31:39.965826-03:00,2
2025-09-23T12:43:41.987362-03:00,1
2025-09-23T12:51:52.480474-03:00,2
2025-09-23T12:59:31.184248-03:00,2
2025-09-23T13:28:50.903855-03:00,5
2025-09-23T13:46:22.056178-03:00,4
2025-09-23T13:54:20.357513-03:00,6
2025-09-23T14:08:27.835946-03:00,5
2025-09-23T14:27:22.384358-03:00,5
2025-09-23T14:35:47.074210-03:00,6
2025-09-23T14:43:48.610256-03:00,6
2025-09-23T14:51:28.437852-03:00,6
2025-09-23T14:59:00.800817-03:00,6
2025-09-23T15:31:34.190501-03:00,6
2025-09-23T15:49:49.368085-03:00,7
2025-09-23T15:58:02.153760-03:00,7
2025-09-23T16:15:30.494245-03:00,9
2025-09-23T16:26:53.296039-03:00,12
2025-09-23T16:36:31.731242-03:00,12
2025-09-23T16:44:40.550721-03:00,12
2025-09-23T16:52:35.887536-03:00,11
2025-09-23T17:00:43.957664-03:00,11
2025-09-23T17:27:41.898586-03:00,8
2025-09-23T17:39:45.563313-03:00,11
2025-09-23T17:47:58.748439-03:00,11
2025-09-23T17:55:31.811266-03:00,8
2025-09-23T18:11:42.612916-03:00,11
2025-09-23T18:26:56.685900-03:00,4
2025-09-23T18:36:10.662446-03:00,9
2025-09-23T18:43:47.391321-03:00,9
2025-09-23T18:51:52.467004-03:00,5
2025-09-23T18:59:26.002064-03:00,5
2025-09-23T19:19:45.557468-03:00,4
2025-09-23T19:33:43.584387-03:00,5
2025-09-23T19:42:37.991646-03:00,5
2025-09-23T19:50:11.262789-03:00,5
2025-09-23T19:57:45.360243-03:00,5
2025-09-23T20:15:51.793872-03:00,3
2025-09-23T20:27:59.089582-03:00,3
2025-09-23T20:36:59.522544-03:00,4
2025-09-23T20:45:11.827169-03:00,4
2025-09-23T20:53:06.875029-03:00,3
2025-09-23T21:39:26.227396-03:00,1
2025-09-23T23:11:51.198100-03:00,15
2025-09-24T00:06:19.908302-03:00,3
2025-09-24T00:37:59.180735-03:00,3
2025-09-24T00:51:37.900324-03:00,3
2025-09-24T00:59:14.101332-03:00,3
2025-09-24T01:25:40.293188-03:00,3
2025-09-24T01:40:54.410851-03:00,3
2025-09-24T01:50:11.808283-03:00,3
2025-09-24T01:58:17.725004-03:00,3
2025-09-24T02:18:38.026215-03:00,3
2025-09-24T02:33:23.902308-03:00,3
2025-09-24T02:43:15.066336-03:00,3
2025-09-24T02:50:49.962645-03:00,3
2025-09-24T02:58:20.102678-03:00,3
2025-09-24T03:29:47.637376-03:00,3
2025-09-24T03:49:59.958030-03:00,3
2025-09-24T03:58:05.635092-03:00,3
2025-09-24T04:19:22.746762-03:00,3
2025-09-24T04:32:19.710425-03:00,3
2025-09-24T04:42:24.169896-03:00,3
2025-09-24T04:50:08.042437-03:00,3
2025-09-24T04:57:46.728646-03:00,3
2025-09-24T05:25:39.524719-03:00,3
2025-09-24T05:45:03.756613-03:00,3
2025-09-24T05:55:54.259775-03:00,3
2025-09-24T06:15:56.894222-03:00,3
2025-09-24T06:32:55.539131-03:00,3
2025-09-24T06:44:59.237218-03:00,3
2025-09-24T06:52:39.596876-03:00,3
2025-09-24T07:00:14.588965-03:00,3
2025-09-24T07:25:41.103695-03:00,3
2025-09-24T07:41:04.078806-03:00,3
2025-09-24T07:49:25.359367-03:00,3
2025-09-24T07:57:26.328893-03:00,3
2025-09-24T08:14:39.550409-03:00,3
2025-09-24T08:26:58.332980-03:00,3
2025-09-24T08:36:41.429453-03:00,3
2025-09-24T08:44:10.964041-03:00,3
2025-09-24T08:52:18.390657-03:00,3
2025-09-24T09:00:38.123160-03:00,3
2025-09-24T09:52:24.818786-03:00,1
2025-09-24T10:19:48.655541-03:00,3
2025-09-24T10:41:25.252896-03:00,1
2025-09-24T10:51:14.985443-03:00,2
2025-09-24T10:59:25.994510-03:00,2
2025-09-24T11:20:04.208183-03:00,3
2025-09-24T11:36:31.946087-03:00,1
2025-09-24T11:45:37.180854-03:00,1
2025-09-24T11:53:52.831297-03:00,3
2025-09-24T12:10:09.748237-03:00,3
2025-09-24T12:30:37.961868-03:00,4
2025-09-24T12:43:39.849178-03:00,4
2025-09-24T12:51:15.500375-03:00,3
2025-09-24T12:58:45.910756-03:00,3
2025-09-24T13:27:30.200952-03:00,5
2025-09-24T13:46:38.536405-03:00,9
2025-09-24T13:56:28.212280-03:00,9
2025-09-24T14:13:58.250247-03:00,4
2025-09-24T14:31:13.675414-03:00,4
2025-09-24T14:42:40.978372-03:00,8
2025-09-24T14:50:39.919850-03:00,11
2025-09-24T14:58:08.100598-03:00,11
2025-09-24T15:26:14.894155-03:00,6
2025-09-24T15:44:54.203096-03:00,8
2025-09-24T15:53:24.791151-03:00,11
2025-09-24T16:07:41.772031-03:00,5
2025-09-24T16:22:54.763458-03:00,5
2025-09-24T16:31:15.533865-03:00,5
2025-09-24T16:40:00.253784-03:00,7
2025-09-24T16:48:19.341086-03:00,7
2025-09-24T16:56:19.514818-03:00,7
2025-09-24T17:17:22.345576-03:00,6
2025-09-24T17:32:42.711976-03:00,10
2025-09-24T17:40:58.614962-03:00,8
2025-09-24T17:49:21.500280-03:00,8
2025-09-24T17:56:55.288222-03:00,7
2025-09-24T18:14:46.948268-03:00,8
2025-09-24T18:27:54.257977-03:00,8
2025-09-24T18:37:32.728922-03:00,7
2025-09-24T18:45:05.640722-03:00,7
2025-09-24T18:53:15.285978-03:00,6
2025-09-24T19:08:09.171063-03:00,11
2025-09-24T19:28:17.121488-03:00,11
2025-09-24T19:37:56.094702-03:00,5
2025-09-24T19:45:50.135670-03:00,5
2025-09-24T19:53:30.837762-03:00,5
2025-09-24T20:08:43.046162-03:00,5
2025-09-24T20:25:15.611441-03:00,2
2025-09-24T20:34:29.452846-03:00,2
2025-09-24T20:42:09.342025-03:00,4
2025-09-24T20:49:53.115769-03:00,4
2025-09-24T20:57:40.949177-03:00,4
2025-09-24T22:21:32.902015-03:00,4
2025-09-24T23:41:32.941475-03:00,14
2025-09-25T00:24:44.097967-03:00,2
2025-09-25T00:46:33.831679-03:00,8
2025-09-25T00:55:05.342248-03:00,8
2025-09-25T01:15:45.077459-03:00,8
2025-09-25T01:35:59.080779-03:00,8
2025-09-25T01:46:52.162165-03:00,8
2025-09-25T01:54:52.787536-03:00,8
2025-09-25T02:12:53.818339-03:00,8
2025-09-25T02:31:37.520330-03:00,8
2025-09-25T02:42:44.480659-03:00,8
2025-09-25T02:50:58.441152-03:00,8
2025-09-25T02:58:34.219275-03:00,8
2025-09-25T03:31:01.924231-03:00,2
2025-09-25T03:50:54.597541-03:00,8
2025-09-25T03:59:02.616778-03:00,8
2025-09-25T04:21:15.163117-03:00,8
2025-09-25T04:32:41.611610-03:00,8
2025-09-25T04:42:54.615697-03:00,2
2025-09-25T04:50:46.835428-03:00,8
2025-09-25T04:58:14.872521-03:00,8
2025-09-25T05:26:53.094136-03:00,1
2025-09-25T05:45:52.419478-03:00,8
2025-09-25T05:56:46.124043-03:00,8
2025-09-25T06:17:27.221305-03:00,8
2025-09-25T06:33:34.409160-03:00,8
2025-09-25T06:44:11.401486-03:00,8
2025-09-25T06:52:04.120428-03:00,8
2025-09-25T06:59:44.896769-03:00,8
2025-09-25T07:24:38.675425-03:00,2
2025-09-25T07:40:42.673351-03:00,8
2025-09-25T07:49:18.560147-03:00,8
2025-09-25T07:57:34.612079-03:00,1
2025-09-25T08:15:57.198360-03:00,8
2025-09-25T08:28:11.174644-03:00,8
2025-09-25T08:37:32.557833-03:00,8
2025-09-25T08:45:39.709984-03:00,8
2025-09-25T08:53:57.142031-03:00,8
2025-09-25T09:20:58.195751-03:00,2
2025-09-25T10:01:39.421223-03:00,2
2025-09-25T10:34:46.102995-03:00,3
2025-09-25T10:47:49.850479-03:00,1
2025-09-25T10:55:55.733754-03:00,1
2025-09-25T11:15:13.667373-03:00,1
2025-09-25T11:36:52.350490-03:00,1
2025-09-25T11:49:20.745793-03:00,1
2025-09-25T11:57:24.580192-03:00,1
2025-09-25T12:19:21.687277-03:00,1
2025-09-25T12:35:43.464056-03:00,1
2025-09-25T12:46:19.726490-03:00,1
2025-09-25T12:54:12.433631-03:00,1
2025-09-25T13:13:08.067910-03:00,3
2025-09-25T13:37:33.303640-03:00,12
2025-09-25T13:51:52.859947-03:00,10
2025-09-25T13:59:35.163767-03:00,10
2025-09-25T14:19:20.892730-03:00,7
2025-09-25T14:32:56.675008-03:00,7
2025-09-25T14:41:49.387120-03:00,11
2025-09-25T14:49:58.950778-03:00,11
2025-09-25T14:57:53.313243-03:00,8
2025-09-25T15:27:55.432496-03:00,11
2025-09-25T15:48:26.787253-03:00,14
2025-09-25T15:56:10.471519-03:00,8
2025-09-25T16:12:14.333114-03:00,10
2025-09-25T16:25:15.797833-03:00,13
2025-09-25T16:34:54.875251-03:00,13
2025-09-25T16:43:07.637507-03:00,9
2025-09-25T16:50:58.190448-03:00,11
2025-09-25T16:59:00.923310-03:00,11
2025-09-25T17:23:42.242447-03:00,9
2025-09-25T17:36:56.250073-03:00,13
2025-09-25T17:44:52.554019-03:00,13
2025-09-25T17:52:47.088298-03:00,8
2025-09-25T18:00:25.604671-03:00,8
2025-09-25T18:20:04.817002-03:00,8
2025-09-25T18:28:12.405567-03:00,6
2025-09-25T18:37:43.710328-03:00,11
2025-09-25T18:46:00.141281-03:00,11
2025-09-25T18:53:35.657449-03:00,12
2025-09-25T19:07:51.773301-03:00,10
2025-09-25T19:27:40.150600-03:00,9
2025-09-25T19:38:37.741667-03:00,10
2025-09-25T19:46:51.088544-03:00,10
2025-09-25T19:54:50.406115-03:00,8
2025-09-25T20:11:07.167047-03:00,4
2025-09-25T20:26:19.310145-03:00,5
2025-09-25T20:35:48.596409-03:00,8
2025-09-25T20:43:20.146795-03:00,8
2025-09-25T20:51:27.723118-03:00,4
2025-09-25T20:59:06.200634-03:00,4
2025-09-25T22:41:17.294458-03:00,3
2025-09-25T23:49:11.723814-03:00,5
2025-09-26T00:23:53.996314-03:00,5
2025-09-26T00:44:38.354650-03:00,3
2025-09-26T00:53:39.842059-03:00,1
2025-09-26T01:11:55.113754-03:00,1
2025-09-26T01:33:39.772722-03:00,4
2025-09-26T01:45:09.688182-03:00,3
2025-09-26T01:52:51.328057-03:00,4
2025-09-26T02:01:21.523115-03:00,4
2025-09-26T02:25:16.814500-03:00,6
2025-09-26T02:38:25.403820-03:00,10
2025-09-26T02:46:44.915655-03:00,10
2025-09-26T02:54:34.787432-03:00,10
2025-09-26T03:17:26.055650-03:00,5
2025-09-26T03:44:29.388862-03:00,3
2025-09-26T03:55:30.572095-03:00,3
2025-09-26T04:13:28.938899-03:00,2
2025-09-26T04:29:07.200487-03:00,7
2025-09-26T04:39:24.164813-03:00,2
2025-09-26T04:47:35.559317-03:00,2
2025-09-26T04:55:18.835595-03:00,3
2025-09-26T05:19:00.578590-03:00,5
2025-09-26T05:41:39.049533-03:00,3
2025-09-26T05:53:30.304334-03:00,3
2025-09-26T06:10:28.649345-03:00,4
2025-09-26T06:30:45.679958-03:00,3
2025-09-26T06:42:00.666908-03:00,6
2025-09-26T06:50:06.850706-03:00,6
2025-09-26T06:57:51.287400-03:00,2
2025-09-26T07:19:31.769148-03:00,3
2025-09-26T07:38:27.218495-03:00,4
2025-09-26T07:46:59.817294-03:00,4
2025-09-26T07:54:29.032298-03:00,2
2025-09-26T08:09:43.910516-03:00,5
2025-09-26T08:24:57.685804-03:00,2
2025-09-26T08:34:15.612257-03:00,2
2025-09-26T08:41:51.875360-03:00,14
2025-09-26T08:50:00.484624-03:00,14
2025-09-26T08:57:30.700840-03:00,14
2025-09-26T09:37:27.810491-03:00,14
2025-10-03T10:43:25.974823-03:00,3
2025-10-03T10:55:59.933951-03:00,2
2025-10-03T11:19:38.834401-03:00,3
2025-10-03T11:37:49.255390-03:00,3
2025-10-03T11:49:11.450040-03:00,3
2025-10-03T12:00:15.157011-03:00,5
2025-10-03T12:26:31.405425-03:00,7
2025-10-03T12:41:05.280050-03:00,8
2025-10-03T12:56:33.507985-03:00,8
2025-10-03T13:27:03.294697-03:00,9
2025-10-03T13:45:37.781012-03:00,8
2025-10-03T13:56:29.912955-03:00,12
2025-10-03T14:18:26.805159-03:00,8
2025-10-03T14:32:17.475457-03:00,12
2025-10-03T14:46:36.256388-03:00,8
2025-10-03T14:57:13.345635-03:00,9
2025-10-03T15:33:30.353237-03:00,9
2025-10-03T15:50:31.910126-03:00,12
2025-10-03T16:15:08.332864-03:00,12
2025-10-03T16:25:55.144392-03:00,11
2025-10-03T16:38:09.948895-03:00,12
2025-10-03T16:49:32.104586-03:00,12
2025-10-03T17:00:31.675216-03:00,14
2025-10-03T17:29:25.889782-03:00,15
2025-10-03T17:42:29.724918-03:00,17
2025-10-03T17:55:47.659626-03:00,15
2025-10-03T18:16:59.274533-03:00,7
2025-10-03T18:28:54.730632-03:00,11
2025-10-03T18:40:09.443455-03:00,8
2025-10-03T18:50:59.631417-03:00,10
2025-10-03T19:17:16.367024-03:00,11
2025-10-03T19:32:12.826955-03:00,15
2025-10-03T19:46:27.556661-03:00,6
2025-10-03T19:56:53.913018-03:00,8
2025-10-03T20:19:46.124675-03:00,5
2025-10-03T20:30:54.590126-03:00,7
2025-10-03T20:46:23.611045-03:00,6
2025-10-03T20:57:10.464590-03:00,7
2025-10-03T22:44:35.507080-03:00,6
2025-10-03T23:41:26.265819-03:00,4
2025-10-04T00:15:26.029249-03:00,2
2025-10-04T00:37:36.479101-03:00,1
2025-10-04T00:48:38.466115-03:00,1
2025-10-04T00:59:17.156128-03:00,3
2025-10-04T01:29:13.697459-03:00,4
2025-10-04T01:42:49.425792-03:00,3
2025-10-04T01:56:29.378904-03:00,4
2025-10-04T02:19:36.577797-03:00,4
2025-10-04T02:34:14.529084-03:00,6
2025-10-04T02:46:21.828218-03:00,2
2025-10-04T02:57:46.101760-03:00,2
2025-10-04T03:33:17.986662-03:00,3
2025-10-04T03:48:57.122738-03:00,2
2025-10-04T03:59:37.199116-03:00,3
2025-10-04T04:21:21.227463-03:00,5
2025-10-04T04:37:11.169762-03:00,3
2025-10-04T04:48:03.146181-03:00,3
2025-10-04T04:58:35.094183-03:00,4
2025-10-04T05:29:11.343112-03:00,3
2025-10-04T05:44:28.423834-03:00,2
2025-10-04T05:55:56.138615-03:00,1
2025-10-04T06:19:06.212132-03:00,4
2025-10-04T06:30:20.724863-03:00,5
2025-10-04T06:45:59.747837-03:00,3
2025-10-04T06:56:44.267117-03:00,3
2025-10-04T07:20:29.519558-03:00,3
2025-10-04T07:38:43.288153-03:00,5
2025-10-04T07:49:23.151358-03:00,5
2025-10-04T07:59:51.630978-03:00,3
2025-10-04T08:18:38.448063-03:00,4
2025-10-04T08:29:10.240534-03:00,5
2025-10-04T08:40:23.727137-03:00,1
2025-10-04T08:55:54.441332-03:00,2
2025-10-04T09:38:14.234896-03:00,10
2025-10-04T10:02:16.698993-03:00,1
2025-10-04T10:27:51.256859-03:00,5
2025-10-04T10:39:19.291633-03:00,4
2025-10-04T10:49:44.593064-03:00,4
2025-10-04T11:00:36.599759-03:00,1
2025-10-04T11:26:26.007992-03:00,4
2025-10-04T11:38:07.429609-03:00,4
2025-10-04T11:49:17.226572-03:00,4
2025-10-04T12:00:25.329863-03:00,7
2025-10-04T12:24:36.415086-03:00,6
2025-10-04T12:37:14.089049-03:00,1
2025-10-04T12:48:19.927762-03:00,1
2025-10-04T12:59:01.270189-03:00,2
2025-10-04T13:28:33.352797-03:00,4
2025-10-04T13:43:30.696078-03:00,2
2025-10-04T13:56:24.773953-03:00,11
2025-10-04T14:16:36.045886-03:00,6
2025-10-04T14:29:28.266135-03:00,6
2025-10-04T14:40:13.561050-03:00,6
2025-10-04T14:51:14.023099-03:00,8
2025-10-04T15:25:16.727811-03:00,9
2025-10-04T15:44:09.878981-03:00,11
2025-10-04T15:56:02.378526-03:00,13
2025-10-04T16:15:10.389718-03:00,10
2025-10-04T16:25:49.304210-03:00,11
2025-10-04T16:37:41.393857-03:00,10
2025-10-04T16:48:40.534193-03:00,10
2025-10-04T16:59:06.321874-03:00,11
2025-10-04T17:25:26.403264-03:00,6
2025-10-04T17:38:09.010295-03:00,15
2025-10-04T17:49:13.970907-03:00,15
2025-10-04T18:00:05.760286-03:00,9
2025-10-04T18:20:56.122675-03:00,12
2025-10-04T18:37:02.551543-03:00,8
2025-10-04T18:48:15.918900-03:00,8
2025-10-04T18:58:46.683577-03:00,8
2025-10-04T19:22:31.422979-03:00,9
2025-10-04T19:38:24.032185-03:00,4
2025-10-04T19:49:37.370061-03:00,4
2025-10-04T20:00:43.202289-03:00,13
2025-10-04T20:24:08.767954-03:00,9
2025-10-04T20:37:18.913821-03:00,10
2025-10-04T20:48:33.691461-03:00,10
2025-10-04T20:59:39.736244-03:00,4
2025-10-04T23:06:47.260304-03:00,2
2025-10-05T00:13:10.492138-03:00,4
2025-10-05T00:43:59.676016-03:00,4
2025-10-05T00:55:56.828768-03:00,4
2025-10-05T01:23:29.545224-03:00,4
2025-10-05T01:40:17.106147-03:00,4
2025-10-05T01:50:47.395876-03:00,3
2025-10-05T02:17:46.220879-03:00,2
2025-10-05T02:32:32.609717-03:00,5
2025-10-05T02:46:02.355208-03:00,5
2025-10-05T02:56:53.854988-03:00,4
2025-10-05T03:31:26.446777-03:00,7
2025-10-05T03:48:37.787855-03:00,7
2025-10-05T03:59:30.736095-03:00,5
2025-10-05T04:21:42.386181-03:00,9
2025-10-05T04:37:11.127310-03:00,3
2025-10-05T04:48:16.939883-03:00,3
2025-10-05T04:59:22.442107-03:00,10
2025-10-05T05:29:17.401350-03:00,9
2025-10-05T05:43:43.168497-03:00,4
2025-10-05T05:55:43.859011-03:00,3
2025-10-05T06:17:50.739794-03:00,4
2025-10-05T06:29:50.380736-03:00,4
2025-10-05T06:40:54.588704-03:00,3
2025-10-05T06:56:04.562682-03:00,6
2025-10-05T07:19:40.714952-03:00,5
2025-10-05T07:35:17.387970-03:00,3
2025-10-05T07:46:24.671012-03:00,3
2025-10-05T07:57:17.196364-03:00,4
2025-10-05T08:17:23.270577-03:00,5
2025-10-05T08:28:15.828115-03:00,5
2025-10-05T08:39:52.151858-03:00,4
2025-10-05T08:50:41.934280-03:00,1
2025-10-05T09:35:55.941421-03:00,5
2025-10-05T10:02:01.904910-03:00,4
2025-10-05T10:28:11.498361-03:00,2
2025-10-05T10:39:48.126152-03:00,4
2025-10-05T10:50:52.810720-03:00,1
2025-10-05T11:15:37.513529-03:00,11
2025-10-05T11:31:07.763568-03:00,1
2025-10-05T11:45:58.295562-03:00,3
2025-10-05T11:56:28.637576-03:00,5
2025-10-05T12:19:08.576217-03:00,5
2025-10-05T12:30:31.180235-03:00,5
2025-10-05T12:46:13.188909-03:00,8
2025-10-05T12:56:34.130685-03:00,5
2025-10-05T13:24:53.499993-03:00,5
2025-10-05T13:41:09.736387-03:00,5
2025-10-05T13:56:26.669652-03:00,6
2025-10-05T14:17:03.973910-03:00,5
2025-10-05T14:30:06.036155-03:00,7
2025-10-05T14:41:18.706460-03:00,5
2025-10-05T14:56:29.283361-03:00,5
2025-10-05T15:28:39.622488-03:00,6
2025-10-05T15:45:29.848839-03:00,2
2025-10-05T15:56:44.888408-03:00,2
2025-10-05T16:16:19.541201-03:00,3
2025-10-05T16:27:26.219809-03:00,4
2025-10-05T16:39:09.792152-03:00,8
2025-10-05T16:50:14.081733-03:00,3
2025-10-05T17:19:25.966591-03:00,4
2025-10-05T17:32:50.705835-03:00,7
2025-10-05T17:46:31.149361-03:00,3
2025-10-05T17:57:17.904647-03:00,8
2025-10-05T18:19:20.906932-03:00,1
2025-10-05T18:30:12.481149-03:00,3
2025-10-05T18:41:16.718137-03:00,2
2025-10-05T18:55:47.189174-03:00,3
2025-10-05T19:17:59.213680-03:00,6
2025-10-05T19:32:49.611436-03:00,3
2025-10-05T19:45:57.763376-03:00,6
2025-10-05T19:56:34.876309-03:00,4
2025-10-05T20:17:57.099835-03:00,3
2025-10-05T20:28:22.247065-03:00,6
2025-10-05T20:40:01.687404-03:00,5
2025-10-05T20:51:03.146246-03:00,3
2025-10-05T22:27:02.772179-03:00,12
2025-10-05T23:49:11.382619-03:00,2
2025-10-06T00:27:07.460533-03:00,4
2025-10-06T00:49:19.893562-03:00,4
2025-10-06T01:00:22.543187-03:00,4
2025-10-06T01:32:10.100258-03:00,1
2025-10-06T01:47:09.778810-03:00,2
2025-10-06T01:57:45.555665-03:00,4
2025-10-06T02:25:11.610087-03:00,4
2025-10-06T02:40:23.574003-03:00,4
2025-10-06T02:55:53.652780-03:00,3
2025-10-06T03:33:17.080118-03:00,2
2025-10-06T03:53:13.713958-03:00,6
2025-10-06T04:20:27.134340-03:00,6
2025-10-06T04:39:35.175155-03:00,6
2025-10-06T04:50:17.777164-03:00,6
2025-10-06T05:27:12.883959-03:00,6
2025-10-06T05:48:01.917361-03:00,6
2025-10-06T05:58:30.427264-03:00,6
2025-10-06T06:30:38.696432-03:00,6
2025-10-06T06:47:10.679392-03:00,6
2025-10-06T06:57:37.748283-03:00,6
2025-10-06T07:28:10.399063-03:00,6
2025-10-06T07:44:33.123783-03:00,6
2025-10-06T07:56:10.550643-03:00,6
2025-10-06T08:18:12.841353-03:00,6
2025-10-06T08:30:04.310534-03:00,1
2025-10-06T08:41:23.103582-03:00,6
2025-10-06T08:56:21.064354-03:00,2
2025-10-06T09:47:53.883506-03:00,1
2025-10-06T10:20:12.268476-03:00,1
2025-10-06T10:43:00.053314-03:00,2
2025-10-06T10:56:18.610820-03:00,3
2025-10-06T11:22:40.893116-03:00,5
2025-10-06T11:43:10.302933-03:00,1
2025-10-06T11:56:14.365622-03:00,3
2025-10-06T12:22:53.218784-03:00,2
2025-10-06T12:40:35.129291-03:00,4
2025-10-06T12:56:19.124945-03:00,1
2025-10-06T13:27:55.537148-03:00,5
2025-10-06T13:47:40.721438-03:00,4
2025-10-06T13:58:30.940577-03:00,9
2025-10-06T14:23:29.155442-03:00,4
2025-10-06T14:39:36.192213-03:00,13
2025-10-06T14:50:33.439165-03:00,2
2025-10-06T15:29:36.596519-03:00,5
2025-10-06T15:49:59.319074-03:00,7
2025-10-06T16:01:30.507874-03:00,2
2025-10-06T16:23:08.225222-03:00,6
2025-10-06T16:38:02.987564-03:00,3
2025-10-06T16:49:17.235850-03:00,3
2025-10-06T17:00:23.745269-03:00,11
2025-10-06T17:30:09.585498-03:00,6
2025-10-06T17:44:19.484500-03:00,3
2025-10-06T17:55:52.151893-03:00,6
2025-10-06T18:18:17.498827-03:00,4
2025-10-06T18:30:47.456408-03:00,8
2025-10-06T18:46:26.264797-03:00,9
2025-10-06T18:57:17.182728-03:00,3
2025-10-06T19:21:28.862005-03:00,7
2025-10-06T19:39:10.464514-03:00,7
2025-10-06T19:50:13.189862-03:00,7
2025-10-06T20:07:54.743013-03:00,2
2025-10-06T20:26:16.972108-03:00,4
2025-10-06T20:38:20.639035-03:00,3
2025-10-06T20:49:27.696359-03:00,3
2025-10-06T21:00:01.742418-03:00,3
2025-10-06T22:56:56.339392-03:00,4
2025-10-07T00:00:58.166098-03:00,1
2025-10-07T00:37:54.067404-03:00,6
2025-10-07T00:52:14.628056-03:00,3
2025-10-07T01:23:50.495921-03:00,2
2025-10-07T01:42:08.472165-03:00,6
2025-10-07T01:56:26.231518-03:00,6
2025-10-07T02:21:00.476237-03:00,1
2025-10-07T02:40:15.819301-03:00,6
2025-10-07T02:50:54.097548-03:00,6
2025-10-07T03:29:51.312205-03:00,6
2025-10-07T03:51:02.166169-03:00,6
2025-10-07T04:19:14.944628-03:00,6
2025-10-07T04:32:15.522488-03:00,6
2025-10-07T04:45:46.731554-03:00,6
2025-10-07T04:56:19.282523-03:00,6
2025-10-07T05:30:02.644010-03:00,6
2025-10-07T05:49:21.544878-03:00,6
2025-10-07T05:59:43.271001-03:00,6
2025-10-07T06:28:19.516098-03:00,6
2025-10-07T06:44:02.338465-03:00,6
2025-10-07T06:56:09.214856-03:00,6
2025-10-07T07:22:54.627428-03:00,2
2025-10-07T07:42:34.321311-03:00,6
2025-10-07T07:56:20.827630-03:00,6
2025-10-07T08:18:23.559050-03:00,6
2025-10-07T08:30:04.436900-03:00,6
2025-10-07T08:41:51.977312-03:00,6
2025-10-07T08:56:01.873359-03:00,6
2025-10-07T09:44:52.104966-03:00,2
2025-10-07T10:20:03.093005-03:00,7
2025-10-07T10:43:07.523004-03:00,3
2025-10-07T10:56:44.265977-03:00,3
2025-10-07T11:24:00.174256-03:00,4
2025-10-07T11:44:38.430874-03:00,2
2025-10-07T11:56:10.407701-03:00,3
2025-10-07T12:24:27.392999-03:00,6
2025-10-07T12:42:00.968410-03:00,5
2025-10-07T12:56:35.216081-03:00,1
2025-10-07T13:28:34.614029-03:00,4
2025-10-07T13:48:06.623430-03:00,4
2025-10-07T13:58:32.672978-03:00,2
2025-10-07T14:24:09.315151-03:00,11
2025-10-07T14:39:53.101359-03:00,10
2025-10-07T14:50:58.886237-03:00,4
2025-10-07T15:29:37.788972-03:00,8
2025-10-07T15:50:45.548389-03:00,6
2025-10-07T16:15:52.034287-03:00,10
2025-10-07T16:27:47.506703-03:00,9
2025-10-07T16:40:10.175973-03:00,11
2025-10-07T16:51:11.256925-03:00,6
2025-10-07T17:21:05.812097-03:00,9
2025-10-07T17:40:34.497986-03:00,12
2025-10-07T17:56:20.167320-03:00,6
2025-10-07T18:19:03.696664-03:00,6
2025-10-07T18:30:28.907965-03:00,5
2025-10-07T18:46:04.581714-03:00,6
2025-10-07T18:57:16.016623-03:00,5
2025-10-07T19:21:55.159066-03:00,2
2025-10-07T19:39:30.494157-03:00,5
2025-10-07T19:50:23.257155-03:00,3
2025-10-07T20:17:21.537590-03:00,3
2025-10-07T20:29:25.102322-03:00,4
2025-10-07T20:40:46.440541-03:00,3
2025-10-07T20:55:54.462695-03:00,3
2025-10-07T22:39:00.383489-03:00,5
2025-10-07T23:47:10.638506-03:00,4
2025-10-08T00:21:52.630097-03:00,8
2025-10-08T00:46:37.662255-03:00,8
2025-10-08T00:57:09.462891-03:00,8
2025-10-08T01:27:56.065844-03:00,1
2025-10-08T01:44:37.085635-03:00,2
2025-10-08T01:55:47.845402-03:00,2
2025-10-08T02:20:11.122911-03:00,8
2025-10-08T02:37:37.810568-03:00,8
2025-10-08T02:48:49.986614-03:00,8
2025-10-08T02:59:28.596499-03:00,8
2025-10-08T03:38:58.758474-03:00,8
2025-10-08T03:53:30.018652-03:00,8
2025-10-08T04:18:54.576150-03:00,8
2025-10-08T04:31:48.160021-03:00,8
2025-10-08T04:46:33.116068-03:00,8
2025-10-08T04:57:20.071257-03:00,8
2025-10-08T05:33:03.263793-03:00,8
2025-10-08T05:52:27.033614-03:00,8
2025-10-08T06:21:04.821811-03:00,8
2025-10-08T06:41:09.134095-03:00,8
2025-10-08T06:55:49.377180-03:00,8
2025-10-08T07:21:50.292145-03:00,8
2025-10-08T07:42:52.662586-03:00,8
2025-10-08T07:56:25.644091-03:00,2
2025-10-08T08:18:10.735944-03:00,8
2025-10-08T08:29:42.263127-03:00,1
2025-10-08T08:41:30.700508-03:00,8
2025-10-08T08:55:50.859519-03:00,8
2025-10-08T09:44:08.563940-03:00,8
2025-10-08T10:19:56.200088-03:00,1
2025-10-08T10:43:00.590306-03:00,4
2025-10-08T10:56:09.598708-03:00,1
2025-10-08T11:22:54.958672-03:00,1
2025-10-08T11:44:53.307039-03:00,1
2025-10-08T11:55:59.924018-03:00,2
2025-10-08T12:23:04.299129-03:00,4
2025-10-08T12:41:59.835072-03:00,3
2025-10-08T12:56:32.871006-03:00,2
2025-10-08T13:28:43.127413-03:00,2
2025-10-08T13:47:55.710775-03:00,2
2025-10-08T13:58:30.234852-03:00,6
2025-10-08T14:23:54.213371-03:00,6
2025-10-08T14:40:24.059608-03:00,3
2025-10-08T14:56:21.990975-03:00,3
2025-10-08T15:33:43.489524-03:00,7
2025-10-08T15:53:03.020881-03:00,9
2025-10-08T16:15:44.608492-03:00,9
2025-10-08T16:27:39.040443-03:00,8
2025-10-08T16:40:10.461623-03:00,10
2025-10-08T16:51:10.780445-03:00,4
2025-10-08T17:21:20.887481-03:00,6
2025-10-08T17:40:32.486193-03:00,9
2025-10-08T17:56:28.340094-03:00,7
2025-10-08T18:19:46.045434-03:00,10
2025-10-08T18:30:58.224811-03:00,5
2025-10-08T18:46:24.335147-03:00,8
2025-10-08T18:57:00.001690-03:00,9
2025-10-08T19:22:17.021384-03:00,6
2025-10-08T19:40:11.575350-03:00,9
2025-10-08T19:50:50.116975-03:00,5
2025-10-08T20:17:28.741504-03:00,3
2025-10-08T20:29:49.120800-03:00,4
2025-10-08T20:41:21.747186-03:00,3
2025-10-08T20:55:54.326167-03:00,3
2025-10-08T22:39:18.517498-03:00,2
2025-10-08T23:49:42.112474-03:00,14
2025-10-09T00:24:57.155451-03:00,1
2025-10-09T00:48:01.242270-03:00,2
2025-10-09T00:59:14.234766-03:00,7
2025-10-09T01:30:57.512949-03:00,7
2025-10-09T01:48:29.239706-03:00,7
2025-10-09T01:59:16.194283-03:00,7
2025-10-09T02:26:44.915649-03:00,7
2025-10-09T02:41:56.976822-03:00,7
2025-10-09T02:56:18.672738-03:00,7
2025-10-09T03:34:16.875599-03:00,7
2025-10-09T03:53:35.677517-03:00,7
2025-10-09T04:19:01.422550-03:00,7
2025-10-09T04:32:19.996093-03:00,7
2025-10-09T04:46:40.937892-03:00,7
2025-10-09T04:57:38.066229-03:00,7
2025-10-09T05:34:00.122292-03:00,7
2025-10-09T05:52:11.776506-03:00,7
2025-10-09T06:21:04.876140-03:00,7
2025-10-09T06:40:58.432776-03:00,7
2025-10-09T06:56:18.701590-03:00,7
2025-10-09T07:24:21.419453-03:00,7
2025-10-09T07:43:44.101847-03:00,7
2025-10-09T07:56:10.011245-03:00,7
2025-10-09T08:18:35.802736-03:00,7
2025-10-09T08:31:05.835995-03:00,7
2025-10-09T08:45:55.170899-03:00,7
2025-10-09T08:56:43.180620-03:00,7
2025-10-09T09:49:42.781113-03:00,1
2025-10-09T10:22:35.409560-03:00,4
2025-10-09T10:57:52.355710-03:00,2
2025-10-09T11:27:05.454630-03:00,3
2025-10-09T12:05:46.004275-03:00,4
2025-10-09T12:24:08.815143-03:00,1
2025-10-09T12:30:48.847220-03:00,1
2025-10-09T12:50:40.361307-03:00,4
2025-10-09T13:26:54.939940-03:00,4
2025-10-09T13:49:16.560035-03:00,6
2025-10-09T14:00:25.646725-03:00,7
2025-10-09T14:28:59.817324-03:00,4
2025-10-09T14:43:38.554629-03:00,4
2025-10-09T14:55:58.598153-03:00,9
2025-10-09T15:30:54.545968-03:00,11
2025-10-09T15:52:09.142565-03:00,10
2025-10-09T16:16:55.878295-03:00,12
2025-10-09T16:28:38.861790-03:00,10
2025-10-09T16:40:41.180257-03:00,5
2025-10-09T16:55:45.310705-03:00,10
2025-10-09T17:23:32.834535-03:00,4
2025-10-09T17:40:53.352520-03:00,10
2025-10-09T17:55:58.162670-03:00,5
2025-10-09T18:18:42.724025-03:00,11
2025-10-09T18:31:43.024035-03:00,8
2025-10-09T18:46:27.582355-03:00,6
2025-10-09T18:57:35.238265-03:00,9
2025-10-09T19:22:52.651066-03:00,5
2025-10-09T19:39:48.209887-03:00,7
2025-10-09T19:50:55.017429-03:00,11
2025-10-09T20:17:36.721825-03:00,5
2025-10-09T20:30:13.324020-03:00,6
2025-10-09T20:41:36.125090-03:00,3
2025-10-09T20:56:24.169473-03:00,2
2025-10-09T22:44:17.011648-03:00,15
2025-10-09T23:53:50.724562-03:00,15
2025-10-10T00:32:36.922012-03:00,7
2025-10-10T00:52:08.301116-03:00,7
2025-10-10T01:23:43.619597-03:00,7
2025-10-10T01:42:52.000638-03:00,7
2025-10-10T01:56:24.714439-03:00,7
2025-10-10T02:21:34.097991-03:00,7
2025-10-10T02:56:09.069339-03:00,7
2025-10-10T03:32:56.841077-03:00,7
2025-10-10T03:53:08.436459-03:00,7
2025-10-10T04:18:54.453608-03:00,7
2025-10-10T04:32:04.124140-03:00,7
2025-10-10T04:45:55.265017-03:00,7
2025-10-10T04:56:54.797158-03:00,7
2025-10-10T05:31:00.943918-03:00,7
2025-10-10T05:51:52.700029-03:00,7
2025-10-10T06:21:37.548874-03:00,7
2025-10-10T06:40:36.714430-03:00,7
2025-10-10T06:56:00.307595-03:00,7
2025-10-10T07:23:13.377856-03:00,7
2025-10-10T07:42:41.712199-03:00,7
2025-10-10T07:56:24.496456-03:00,7
2025-10-10T08:19:04.981076-03:00,7
2025-10-10T08:30:25.903919-03:00,4
2025-10-10T08:46:01.149383-03:00,3
2025-10-10T08:56:49.096768-03:00,3
2025-10-10T09:48:37.190043-03:00,3
2025-10-10T10:19:15.550780-03:00,4
2025-10-10T10:41:16.095409-03:00,7
2025-10-10T10:56:30.979808-03:00,9
2025-10-10T11:22:02.446371-03:00,9
2025-10-10T11:42:42.187773-03:00,8
2025-10-10T11:56:42.582366-03:00,7
2025-10-10T12:22:45.542451-03:00,13
2025-10-10T12:39:41.129455-03:00,11
2025-10-10T12:50:53.422960-03:00,10
2025-10-10T13:24:29.241873-03:00,11
2025-10-10T13:45:48.184509-03:00,9
2025-10-10T13:56:23.020478-03:00,9
2025-10-10T14:19:41.429862-03:00,11
2025-10-10T14:34:16.484926-03:00,13
2025-10-10T14:46:06.601386-03:00,14
2025-10-10T14:56:39.845841-03:00,13
2025-10-10T15:32:37.274305-03:00,11
2025-10-10T15:51:04.526420-03:00,11
2025-10-10T16:15:54.482324-03:00,11
2025-10-10T16:27:51.488397-03:00,5
2025-10-10T16:39:52.841269-03:00,12
2025-10-10T16:51:06.057699-03:00,16
2025-10-10T17:21:10.314195-03:00,6
2025-10-10T17:40:22.683170-03:00,8
2025-10-10T17:56:04.630732-03:00,9
2025-10-10T18:18:05.840874-03:00,8
2025-10-10T18:29:52.486688-03:00,7
2025-10-10T18:41:09.648658-03:00,8
2025-10-10T18:56:13.731115-03:00,7
2025-10-10T19:19:00.060929-03:00,7
2025-10-10T19:34:16.134124-03:00,5
2025-10-10T19:45:46.401499-03:00,5
2025-10-10T19:56:51.039057-03:00,6
2025-10-10T20:19:46.782541-03:00,6
2025-10-10T20:30:21.150110-03:00,5
2025-10-10T20:45:51.642117-03:00,7
2025-10-10T20:56:47.242775-03:00,2
2025-10-10T22:43:00.506257-03:00,11
2025-10-10T23:44:11.427948-03:00,3
2025-10-11T00:17:51.205355-03:00,5
2025-10-11T00:40:02.216927-03:00,4
2025-10-11T00:51:11.015151-03:00,6
2025-10-11T01:22:07.414841-03:00,5
2025-10-11T01:41:14.032587-03:00,1
2025-10-11T01:56:08.914941-03:00,7
2025-10-11T02:19:10.107923-03:00,8
2025-10-11T02:34:39.118811-03:00,2
2025-10-11T02:46:12.770506-03:00,1
2025-10-11T02:56:46.819074-03:00,2
2025-10-11T03:30:41.663906-03:00,3
2025-10-11T03:49:02.246340-03:00,4
2025-10-11T04:00:10.116472-03:00,3
2025-10-11T04:22:03.070501-03:00,6
2025-10-11T04:37:06.457110-03:00,3
2025-10-11T04:47:51.017171-03:00,3
2025-10-11T04:58:23.232862-03:00,5
2025-10-11T05:29:41.359569-03:00,5
2025-10-11T05:44:54.996788-03:00,5
2025-10-11T05:56:09.266995-03:00,3
2025-10-11T06:19:28.480075-03:00,4
2025-10-11T06:31:02.185317-03:00,3
2025-10-11T06:46:27.589829-03:00,3
2025-10-11T06:57:17.463570-03:00,2
2025-10-11T07:22:29.610258-03:00,2
2025-10-11T07:39:09.821736-03:00,2
2025-10-11T07:50:10.534503-03:00,2
2025-10-11T08:01:30.401487-03:00,1
2025-10-11T08:21:19.543658-03:00,1
2025-10-11T08:37:46.555305-03:00,2
2025-10-11T08:48:52.711339-03:00,2
2025-10-11T08:59:38.839488-03:00,3
2025-10-11T09:48:12.255982-03:00,1
2025-10-11T10:12:24.087010-03:00,1
2025-10-11T10:31:54.764331-03:00,1
2025-10-11T10:45:49.623923-03:00,2
2025-10-11T10:56:24.587108-03:00,2
2025-10-11T11:17:03.659713-03:00,2
2025-10-11T11:30:26.997429-03:00,6
2025-10-11T11:46:05.823099-03:00,6
2025-10-11T11:56:35.186555-03:00,3
2025-10-11T12:18:43.553419-03:00,5
2025-10-11T12:29:52.444281-03:00,2
2025-10-11T12:40:26.323329-03:00,4
2025-10-11T12:56:00.780252-03:00,9
2025-10-11T13:23:04.028342-03:00,5
2025-10-11T13:41:01.932299-03:00,9
2025-10-11T13:55:49.633199-03:00,8
2025-10-11T14:15:27.636419-03:00,4
2025-10-11T14:29:05.213843-03:00,8
2025-10-11T14:39:33.915889-03:00,4
2025-10-11T14:50:42.120350-03:00,6
2025-10-11T15:23:28.637104-03:00,8
2025-10-11T15:42:00.412225-03:00,8
2025-10-11T15:55:44.345484-03:00,5
2025-10-11T16:14:25.015377-03:00,5
2025-10-11T16:26:07.486018-03:00,5
2025-10-11T16:37:50.320580-03:00,7
2025-10-11T16:48:45.463368-03:00,7
2025-10-11T16:59:31.218948-03:00,7
2025-10-11T17:25:07.987997-03:00,10
2025-10-11T17:37:46.455498-03:00,5
2025-10-11T17:48:55.445466-03:00,5
2025-10-11T17:59:28.592890-03:00,8
2025-10-11T18:20:41.873306-03:00,5
2025-10-11T18:37:05.067118-03:00,8
2025-10-11T18:47:45.185062-03:00,8
2025-10-11T18:58:29.557045-03:00,7
2025-10-11T19:22:41.661108-03:00,8
2025-10-11T19:38:19.680001-03:00,8
2025-10-11T19:49:29.699158-03:00,8
2025-10-11T20:00:08.766195-03:00,7
2025-10-11T20:22:47.970295-03:00,5
2025-10-11T20:37:33.971390-03:00,8
2025-10-11T20:48:44.641256-03:00,8
2025-10-11T20:59:16.706311-03:00,4
2025-10-11T23:01:44.127369-03:00,5
2025-10-12T00:09:15.316261-03:00,3
2025-10-12T00:42:11.328030-03:00,2
2025-10-12T00:55:50.937527-03:00,2
2025-10-12T01:23:48.413998-03:00,11
2025-10-12T01:41:26.763492-03:00,11
2025-10-12T01:56:28.121510-03:00,11
2025-10-12T02:20:12.499334-03:00,11
2025-10-12T02:34:30.259067-03:00,11
2025-10-12T02:46:03.853751-03:00,11
2025-10-12T02:56:40.928553-03:00,11
2025-10-12T03:30:42.477648-03:00,11
2025-10-12T03:49:10.162715-03:00,11
2025-10-12T04:00:01.362033-03:00,11
2025-10-12T04:22:21.955015-03:00,1
2025-10-12T04:37:24.758066-03:00,11
2025-10-12T04:47:57.839198-03:00,11
2025-10-12T04:58:58.640148-03:00,11
2025-10-12T05:29:57.551892-03:00,11
2025-10-12T05:44:56.180457-03:00,11
2025-10-12T05:56:06.127428-03:00,11
2025-10-12T06:19:20.296290-03:00,11
2025-10-12T06:30:38.294219-03:00,11
2025-10-12T06:46:00.905271-03:00,11
2025-10-12T06:57:03.222940-03:00,11
2025-10-12T07:21:56.631196-03:00,11
2025-10-12T07:39:24.869793-03:00,11
2025-10-12T07:50:16.849634-03:00,11
2025-10-12T08:02:40.493251-03:00,11
2025-10-12T08:21:55.814136-03:00,11
2025-10-12T08:38:03.321907-03:00,11
2025-10-12T08:49:07.734055-03:00,11
2025-10-12T08:59:45.652347-03:00,11
2025-10-12T09:48:39.055287-03:00,1
2025-10-12T10:12:47.174429-03:00,1
2025-10-12T10:32:12.418706-03:00,11
2025-10-12T10:45:45.832083-03:00,11
2025-10-12T10:56:58.396916-03:00,3
2025-10-12T11:19:05.782633-03:00,2
2025-10-12T11:32:39.226461-03:00,1
2025-10-12T11:46:02.556635-03:00,1
2025-10-12T11:56:53.350074-03:00,3
2025-10-12T12:20:09.980805-03:00,6
2025-10-12T12:31:34.103464-03:00,2
2025-10-12T12:46:27.761857-03:00,5
2025-10-12T12:56:58.007716-03:00,3
2025-10-12T13:26:15.424570-03:00,2
2025-10-12T13:42:28.846372-03:00,5
2025-10-12T13:55:44.259771-03:00,6
2025-10-12T14:15:42.524785-03:00,10
2025-10-12T14:29:35.517656-03:00,8
2025-10-12T14:40:35.617085-03:00,8
2025-10-12T14:55:54.783142-03:00,8
2025-10-12T15:26:54.628227-03:00,10
2025-10-12T15:44:44.306234-03:00,11
2025-10-12T15:56:30.970774-03:00,8
2025-10-12T16:16:24.902335-03:00,11
2025-10-12T16:27:13.207970-03:00,9
2025-10-12T16:39:14.394278-03:00,8
2025-10-12T16:50:02.993641-03:00,8
2025-10-12T17:01:33.430010-03:00,5
2025-10-12T17:28:20.916043-03:00,8
2025-10-12T17:41:25.515720-03:00,9
2025-10-12T17:56:33.488985-03:00,9
2025-10-12T18:18:25.696549-03:00,8
2025-10-12T18:29:34.865806-03:00,10
2025-10-12T18:40:05.699704-03:00,6
2025-10-12T18:51:14.365877-03:00,8
2025-10-12T19:17:04.531832-03:00,8
2025-10-12T19:32:28.853027-03:00,6
2025-10-12T19:45:44.186352-03:00,4
2025-10-12T19:56:27.105160-03:00,5
2025-10-12T20:19:00.330668-03:00,3
2025-10-12T20:29:50.424484-03:00,6
2025-10-12T20:41:06.049309-03:00,4
2025-10-12T20:56:23.949056-03:00,6
2025-10-12T22:50:47.772053-03:00,5
2025-10-13T00:10:18.625761-03:00,2
2025-10-13T00:49:10.610381-03:00,1
2025-10-13T01:00:46.060143-03:00,1
2025-10-13T01:34:26.114797-03:00,8
2025-10-13T01:49:45.356700-03:00,8
2025-10-13T02:00:29.571069-03:00,8
2025-10-13T02:31:37.534744-03:00,8
2025-10-13T02:46:55.297005-03:00,8
2025-10-13T02:57:33.222297-03:00,2
2025-10-13T03:38:53.892907-03:00,8
2025-10-13T03:55:41.177818-03:00,8
2025-10-13T04:21:17.042190-03:00,8
2025-10-13T04:39:53.774325-03:00,8
2025-10-13T04:50:52.253525-03:00,8
2025-10-13T05:29:01.575566-03:00,2
2025-10-13T05:51:34.900427-03:00,8
2025-10-13T06:24:38.719962-03:00,1
2025-10-13T06:44:08.108530-03:00,8
2025-10-13T06:56:32.606737-03:00,1
2025-10-13T07:27:12.329725-03:00,1
2025-10-13T07:46:16.748406-03:00,8
2025-10-13T07:56:40.440428-03:00,8
2025-10-13T08:19:31.585031-03:00,8
2025-10-13T08:30:55.739812-03:00,1
2025-10-13T08:45:57.685958-03:00,8
2025-10-13T08:56:36.739594-03:00,8
2025-10-13T09:49:25.121070-03:00,1
2025-10-13T10:22:18.828563-03:00,4
2025-10-13T10:47:17.940109-03:00,2
2025-10-13T10:58:13.665582-03:00,1
2025-10-13T11:27:45.756582-03:00,3
2025-10-13T11:45:22.045760-03:00,3
2025-10-13T11:56:42.620021-03:00,5
2025-10-13T12:23:49.896203-03:00,3
2025-10-13T12:40:53.785205-03:00,3
2025-10-13T12:56:26.534615-03:00,6
2025-10-13T13:28:48.781446-03:00,4
2025-10-13T13:47:59.237425-03:00,4
2025-10-13T13:59:04.960113-03:00,4
2025-10-13T14:23:07.986654-03:00,8
2025-10-13T14:39:46.774393-03:00,7
2025-10-13T14:51:05.719265-03:00,8
2025-10-13T15:27:50.607275-03:00,8
